编号,车次,出发车站,到达车站,出发时刻,到达时刻,交路编号
1,G7001,南京,上海,420,520,1
2,G7004,上海,南京,480,579,2
3,G7006,上海,南京,540,639,3
4,G7007,南京,上海,600,700,4
5,G7009,南京,上海,660,759,5
6,G7012,上海,南京,720,819,6
7,G7014,上海,南京,780,879,7
8,G7015,南京,上海,840,940,8
9,G7017,南京,上海,900,1000,9
10,G7020,上海,南京,960,1059,10
11,G7022,上海,南京,1020,1121,11
12,G7023,南京,上海,1080,1179,12
13,G7025,南京,上海,1140,1239,13
14,G7028,上海,南京,1200,1299,14
15,G7002,上海,南京,420,525,15
16,G7003,南京,上海,480,579,16
17,G7005,南京,上海,540,639,17
18,G7008,上海,南京,600,699,18
19,G7010,上海,南京,660,759,19
20,G7011,南京,上海,720,819,20
21,G7013,南京,上海,780,879,21
22,G7016,上海,南京,840,941,22
23,G7018,上海,南京,900,1005,23
24,G7019,南京,上海,960,1060,24
25,G7021,南京,上海,1020,1121,25
26,G7024,上海,南京,1080,1185,26
27,G7026,上海,南京,1140,1240,27
28,G7027,南京,上海,1200,1299,28
29,DJ7715,南京南,上海,301,388,29
30,G7034,上海,南京,414,559,30
31,G7047,南京,上海,609,727,31
32,G7048,上海,南京,745,874,32
33,G7059,南京,上海,905,1019,33
34,G7056,上海,南京,1046,1165,34
35,G7067,南京,上海,1181,1307,35
36,DJ7716,上海,南京南,305,408,36
37,G7103,南京南,上海虹桥,439,565,37
38,G7068,上海,南京南,1219,1341,38
39,G7035,南京,上海,391,515,39
40,G7038,上海,南京,545,668,40
41,G7049,南京,上海,700,823,41
42,G7044,上海,南京,646,764,42
43,G7055,南京,上海,834,951,43
44,G7054,上海,南京,980,1100,44
45,G7097,南京,上海,1120,1244,45
46,G7098,上海,南京,1265,1378,46
47,G7037,南京南,上海,400,538,47
48,G7244/5,上海,合肥南,713,886,48
49,G7246/3,合肥南,上海,918,1111,49
50,G7052,上海,南京,939,1064,50
51,G7065,南京,上海,1092,1220,51
52,G7030,上海,南京南,1260,1379,52
53,G7039,南京,上海,434,554,53
54,G7040,上海,南京,594,712,54
55,G7051,南京,上海,729,853,55
56,G7050,上海,南京,870,990,56
57,G7121,南京,上海虹桥,1015,1137,57
58,G7124,上海虹桥,南京,1169,1288,58
59,G7101,南京,上海虹桥,371,500,59
60,G7104,上海虹桥,南京,534,650,60
61,G7113,南京,上海虹桥,665,771,61
62,G7112,上海虹桥,南京,793,916,62
63,G7061,南京,上海,947,1070,63
64,G7058,上海,南京,1093,1220,64
65,G7069,南京,上海,1241,1360,65
66,G7032,上海,南京,353,474,66
67,G7045,南京,上海,569,696,67
68,G7046,上海,南京,740,852,68
69,G7057,南京,上海,867,988,69
70,G7102,上海虹桥,南京,440,565,70
71,G7109,南京,上海虹桥,595,720,71
72,G7110,上海虹桥,南京,766,895,72
73,G7063,南京,上海,975,1100,73
74,G7108,上海虹桥,南京,700,824,74
75,G7117,南京,上海虹桥,882,1004,75
76,G7118,上海虹桥,南京,1038,1159,76
77,G7125,南京,上海虹桥,1188,1311,77
78,G7105,南京,上海虹桥,518,644,78
79,G7106,上海虹桥,南京,665,778,79
80,G7115,南京,上海虹桥,810,932,80
81,G7116,上海虹桥,南京,974,1095,81
82,G7123,南京,上海虹桥,1114,1230,82
83,G7120,上海虹桥,南京,1089,1209,83
84,G7107,南京,上海虹桥,550,678,84
85,G7042,上海,南京,605,726,85
86,G7053,南京,上海,790,915,86
87,G7252/3,上海,合肥南,944,1077,87
88,G7254/1,合肥南,上海,1103,1288,88
89,G7096,上海,南京,1310,1410,89
90,G7127,南京南,上海虹桥,800,936,90
91,G7036,上海,南京,490,614,91
92,G7111,南京,上海虹桥,629,748,92
93,G7114,上海虹桥,南京,847,967,93
94,G7119,南京,上海虹桥,983,1105,94
95,G7122,上海虹桥,南京南,1143,1269,95
96,G7029,南京,上海,336,450,96
97,G7066,上海,南京,1208,1329,97
98,G7031,南京南,上海,354,474,98
99,G7043,南京南,上海,491,618,99
100,G7236/7,上海,合肥南,640,819,100
101,G7238/5,合肥南,上海,840,1031,101
102,G7256/7,上海,合肥南,1053,1242,102
103,G7228/5,合肥南,上海,480,612,103
104,G7064,上海,南京南,975,1100,104
105,G7100,上海,南京,885,1011,105
106,G7099,南京,上海,1125,1257,106
107,G7229,南京南,上海,779,902,107
108,G7164/5,上海虹桥,合肥南,787,965,108
109,G7166/3,合肥南,上海虹桥,1038,1225,109
110,G7258/5,合肥南,上海,461,657,110
111,G7264/5,上海,合肥南,677,852,111
112,G7266/3,合肥南,上海,872,1046,112
113,G7260/1,上海,合肥南,1152,1337,113
114,G7613,南京南,杭州东,982,1075,114
115,G7652/3,杭州东,合肥南,1121,1271,115
116,G7658/5,合肥南,杭州东,1128,1302,116
117,G7634/1,合肥南,杭州东,759,911,117
118,G7656/7,杭州东,合肥南,934,1108,118
119,G7603,南京南,杭州东,1130,1218,119
120,G7248/9,上海,合肥南,794,979,120
121,G7250/47,合肥南,上海,997,1190,121
122,G7070,上海,南京南,1240,1360,122
123,DJ7699,南京南,上海虹桥,310,378,123
124,G7604,杭州东,南京南,730,811,124
125,G7351,上海,杭州,578,667,125
126,G7304,杭州,上海虹桥,690,759,126
127,G7305,上海虹桥,杭州,810,876,127
128,G7308,杭州,上海虹桥,892,951,128
129,G7315,上海虹桥,杭州,1290,1348,129
130,G7358,杭州,上海,370,456,130
131,G7357,上海,杭州,485,586,131
132,G7360,杭州,上海,937,1041,132
133,G7359,上海,杭州,1074,1171,133
134,G7352,杭州,上海,1200,1291,134
135,G7196/7,上海虹桥,合肥南,1074,1225,135
136,G7196/7/1,上海虹桥,杭州,395,460,136
137,G7301,杭州,上海虹桥,478,543,137
138,G7302,上海虹桥,南京南,615,698,138
139,G7180,上海虹桥,杭州,1047,1119,139
140,G7311,杭州,上海虹桥,1142,1203,140
141,G7314,上海虹桥,南京南,1230,1353,141
142,G7126,上海虹桥,杭州,982,1063,142
143,G7309,杭州,上海虹桥,1080,1140,143
144,G7312,上海虹桥,杭州东,287,333,144
145,DJ7725,合肥南,杭州东,826,1086,145
146,G7566/3,杭州东,合肥南,514,773,146
147,G7564/5,上海虹桥,南京南,306,374,147
148,DJ7698,杭州东,上海虹桥,426,492,148
149,G7558,南京南,上海虹桥,454,661,149
150,G7393/2,上海虹桥,南京南,1098,1304,150
151,G7391/4,上海虹桥,南京南,447,660,151
152,G7395/8,南京南,上海虹桥,1094,1284,152
153,G7397/6,上海虹桥,合肥南,1074,1225,153
154,G7555,上海虹桥,杭州东,1252,1327,154
155,G7556,杭州东,上海虹桥,408,483,155
156,G7612,杭州东,南京南,1282,1363,156
157,DJ8698,合肥南,南京南,312,402,157
158,G9402/3,上海虹桥,合肥南,831,1027,158
159,G9404/1,合肥南,上海虹桥,1066,1236,159
160,G9408/5,合肥南,上海虹桥,913,1064,160
161,G9406/7,上海虹桥,合肥南,1089,1276,161
162,0D5645,南京南,马鞍山东,342,413,162
163,0G7307,南京南,溧阳,348,415,163
164,DJ7731,杭州东,温州南,291,445,164
165,DJ8697,南京南,安庆,300,390,165
166,G9312,衢州,上海虹桥,1286,1407,166
167,G9312/1,合肥南,六安,435,463,167
168,D5495,上海虹桥,铜陵,385,597,168
169,G9232/3,铜陵,上海虹桥,615,800,169
170,G9234/1,上海虹桥,池州,864,1080,170
171,G9236/7,池州,上海虹桥,1110,1345,171
172,G9238/5,衢州,上海虹桥,1286,1407,172
173,D9511,南京南,芜湖,620,663,173
174,D9513,南京南,芜湖,745,782,174
175,D9514,芜湖,南京南,805,848,175
176,D9515,南京南,芜湖,868,905,176
177,D9516,芜湖,南京南,925,962,177
178,D9517,南京南,芜湖,995,1038,178
179,D9518,芜湖,南京南,1060,1103,179
180,D9519,南京南,芜湖,1135,1178,180
181,D9522/3,南京,南通,600,774,181
182,D9524/1,南通,南京,853,1014,182
183,D5562/3,南京,扬州,331,380,183
184,D5564/1,扬州,南京,405,457,184
185,G7206,上海,苏州,506,547,185
186,G7205,苏州,上海,564,603,186
187,G7202,上海,无锡,559,610,187
188,G7201,无锡,上海,630,687,188
189,G7204,上海,昆山南,1132,1152,189
190,G7204/1,昆山南,无锡,1159,1188,190
191,G7203,无锡,上海,1214,1269,191
192,G7208,上海,苏州,1042,1075,192
193,G7207,苏州,上海,1100,1145,193
194,D5644,芜湖,南京南,1095,1132,194
195,D5497,合肥,六安,455,497,195
196,G7434,合肥南,淮南东,419,467,196
197,G7453,南京南,杭州东,721,808,197
198,G7518,宁波,上海虹桥,928,1045,198
199,G7347,上海虹桥,金华南,865,980,199
200,D5646,马鞍山东,南京南,430,448,200
201,G7515,上海虹桥,宁波,840,955,201
202,G7316,诸暨,杭州东,1163,1187,202
203,G7417,合肥南,黄山北,785,893,203
204,G7418,黄山北,合肥南,967,1061,204
205,G9515,杭州东,宁波,1043,1102,205
206,G9516,宁波,杭州东,1164,1231,206
207,G7327,杭州东,诸暨,381,406,207
208,G7328,诸暨,杭州东,423,448,208
209,G7379,杭州东,丽水,667,779,209
210,G7380,丽水,缙云西,799,811,210
211,G7380/1,缙云西,杭州东,820,916,211
212,G7361,杭州东,江山,350,444,212
213,G7517,上海虹桥,宁波,896,1011,213
214,G7384,衢州,杭州东,1275,1355,214
215,G7401,合肥南,黄山北,511,612,215
216,G7433,蚌埠南,合肥南,1269,1318,216
217,G7413,合肥南,黄山北,470,571,217
218,G7414,黄山北,合肥南,593,708,218
219,G7416,黄山北,合肥南,835,957,219
220,G7420,黄山北,合肥南,1146,1254,220
221,G7421,合肥南,黄山北,1095,1203,221
222,G7423,合肥南,黄山北,1145,1246,222
223,G7422,黄山北,合肥南,1265,1359,223
224,G7427,巢湖东,安庆,1106,1193,224
225,G7509,上海虹桥,宁波,659,773,225
226,G7533,杭州东,宁波,468,529,226
227,G7534,宁波,余姚北,1282,1301,227
228,G7534/1,余姚北,杭州东,1307,1347,228
229,G7550,苍南,乐清,846,900,229
230,G7550/1,乐清,奉化,911,999,230
231,G7550/2,奉化,宁波,1009,1027,231
232,G7550/3,宁波,余姚北,1035,1054,232
233,G7550/4,余姚北,杭州东,1060,1101,233
234,G7550/5,杭州东,嘉兴南,1113,1136,234
235,G7550/6,嘉兴南,上海虹桥,1142,1171,235
236,G7601,南京南,湖州,367,428,236
237,G7639,湖州,杭州东,438,467,237
238,D5651,合肥南,安庆,411,517,238
239,D5654,安庆,合肥南,540,651,239
240,D5657,合肥南,安庆,681,786,240
241,D5658,安庆,合肥南,814,925,241
242,D5662,安庆,合肥南,1074,1179,242
243,D5641,南京南,芜湖,430,473,243
244,D5642,芜湖,南京南,492,529,244
245,D5601,南京南,安庆,545,665,245
246,D5604,安庆,南京南,692,812,246
247,D5608,安庆,南京南,968,1088,247
248,D5609,南京南,安庆,1106,1220,248
249,D5666,安庆,合肥南,1248,1347,249
250,D5653,合肥南,安庆,446,545,250
251,D5602,安庆,南京南,573,693,251
252,D5610,安庆,南京南,1149,1263,252
253,D5652,安庆,合肥南,409,520,253
254,D5655,合肥南,安庆,539,644,254
255,D5656,安庆,合肥南,677,782,255
256,D5659,合肥南,安庆,807,912,256
257,D5660,安庆,合肥南,937,1042,257
258,D5663,合肥南,安庆,1063,1174,258
259,D5664,安庆,合肥南,1192,1297,259
260,G9313,杭州东,衢州,1085,1160,260
261,G9314,衢州,龙游,1182,1193,261
262,G9314/1,龙游,杭州东,1199,1269,262
263,G9503,合肥南,安庆,747,851,263
264,D9509,南京南,芜湖,496,542,264
265,D9510,芜湖,南京南,562,599,265
266,D9512,芜湖,南京南,689,732,266
267,D9520,芜湖,南京南,1200,1238,267
268,G7276,上海,镇江,852,949,268
269,G7276/2,水家湖,淮南东,1070,1079,269
270,G7275,淮南东,合肥,1128,1170,270
271,G7275/2,苏州北,上海,1292,1318,271
272,G7272,上海,常州,1122,1194,272
273,G7150,安庆,南京南,423,537,273
274,G7150/1,南京南,苏州,541,631,274
275,G7150/2,苏州,上海虹桥,633,666,275
276,G7148,上海虹桥,镇江,815,913,276
277,G7148/1,镇江,芜湖,915,982,277
278,G7288,芜湖,常州,1017,1124,278
279,G7288/1,常州,昆山南,1126,1180,279
280,G7288/2,昆山南,上海,1182,1207,280
281,G7286,上海,南京南,1235,1347,281
282,G7152,上海虹桥,常州,952,1023,282
283,G7152/2,当涂东,芜湖,1117,1130,283
284,G7220/1,常州,上海,1251,1319,284
285,G7268,上海,丹阳,485,569,285
286,G7268/2,合肥,水家湖,687,709,286
287,G7268/3,水家湖,淮南东,711,720,287
288,G7267,淮南东,南京南,935,1031,288
289,G7267/1,南京南,昆山南,1033,1133,289
290,G7267/2,昆山南,上海,1136,1159,290
291,G7356,衢州,桐乡,736,831,291
292,G7583,常州,上海虹桥,801,878,292
293,G7583/1,上海虹桥,绍兴北,880,962,293
294,G7583/2,绍兴北,宁波,964,996,294
295,G7232,上海,镇江,495,597,295
296,G7232/2,合肥南,六安,697,725,296
297,G7234,六安,全椒,749,817,297
298,G7234/1,全椒,苏州,819,933,298
299,G7234/2,苏州,上海,936,970,299
300,G7412/1,淮南东,六安,521,616,300
301,G7630,温州南,义乌,1148,1251,301
302,G7630/2,溧阳,南京南,1346,1372,302
303,G7240,上海,镇江,654,751,303
304,G7240/1,镇江,合肥南,753,843,304
305,G7240/2,合肥南,六安,848,876,305
306,G7242,六安,南京南,918,1009,306
307,G7242/1,南京南,镇江,1023,1049,307
308,G7242/2,镇江,上海,1051,1150,308
309,G7134/2,无锡,上海虹桥,827,869,309
310,G7090,安庆,马鞍山东,1034,1129,310
311,G7090/1,马鞍山东,无锡,1131,1219,311
312,G7090/2,无锡,上海,1221,1274,312
313,G7138,安庆,马鞍山东,743,843,313
314,G7138/1,马鞍山东,苏州,845,947,314
315,G7138/2,苏州,上海虹桥,949,982,315
316,G7218,上海,南京南,929,1033,316
317,G7218/1,南京南,芜湖,1035,1078,317
318,G7132,上海虹桥,南京南,581,696,318
319,G7132/1,南京南,池州,699,792,319
320,G7162,六安,全椒,535,607,320
321,G7162/1,全椒,南京南,614,635,321
322,G7162/2,南京南,昆山南,640,738,322
323,G7162/3,昆山南,上海虹桥,746,764,323
324,G7175/1,镇江南,上海虹桥,574,648,324
325,G7176,上海虹桥,无锡东,1123,1170,325
326,G7176/1,无锡东,丹阳北,1172,1209,326
327,G7176/2,丹阳北,南京南,1216,1241,327
328,G7282,上海,镇江,694,786,328
329,G7282/1,镇江,芜湖,788,854,329
330,G7284,芜湖,镇江,935,1014,330
331,G7284/1,镇江,上海,1016,1107,331
332,G7296,上海,南京南,760,853,332
333,G7296/1,南京南,徐州东,855,944,333
334,G7454/3,徐州东,合肥南,1072,1160,334
335,G7300,上海,南京南,1191,1292,335
336,G7608,宁波,湖州,778,870,336
337,G7608/1,湖州,南京南,875,947,337
338,G7322/1,金华南,上海虹桥,833,942,338
339,G7346/2,金华南,杭州东,658,715,339
340,G7345,杭州东,青田,780,885,340
341,G7686,杭州东,南京南,410,505,341
342,G7686/1,南京南,水家湖,510,604,342
343,G7643,南京南,宜兴,424,477,343
344,G7643/2,诸暨,义乌,583,597,344
345,G7643/3,义乌,丽水,599,653,345
346,G7348,丽水,杭州东,679,789,346
347,G7348/1,杭州东,上海虹桥,792,844,347
348,G7644,金华南,宜兴,1013,1117,348
349,G7644/1,宜兴,南京南,1120,1161,349
350,G7299/1,南京南,上海,648,747,350
351,G7178,上海虹桥,南京南,1181,1284,351
352,G7609,南京南,绍兴北,833,945,352
353,G7609/1,绍兴北,宁波,948,980,353
354,G7649,南京南,杭州东,940,1029,354
355,G7649/1,杭州东,衢州,1031,1113,355
356,G7650,衢州,诸暨,1128,1188,356
357,G7650/2,溧水,南京南,1294,1310,357
358,G7334,温州南,义乌,684,786,358
359,G7334/1,义乌,杭州东,798,830,359
360,G7334/2,杭州东,桐乡,834,863,360
361,G7334/3,桐乡,上海虹桥,865,908,361
362,G7629,南京南,杭州东,1114,1202,362
363,G7628,温州南,义乌,1165,1263,363
364,G7628/1,义乌,南京南,1265,1377,364
365,G7678,宁波,宜兴,720,827,365
366,G7678/1,宜兴,合肥南,830,926,366
367,G7676,合肥南,溧水,803,894,367
368,G7676/2,绍兴北,宁波,989,1029,368
369,G7622,温州南,义乌,894,992,369
370,G7622/1,义乌,杭州东,994,1027,370
371,G7621,杭州东,义乌,826,881,371
372,G7621/1,义乌,青田,883,976,372
373,G7621/2,青田,温州南,979,1000,373
374,G7505,南京南,上海虹桥,433,535,374
375,G7505/1,上海虹桥,余姚北,540,637,375
376,G7505/2,余姚北,宁波,640,659,376
377,G7510,宁波,嘉兴南,684,776,377
378,G7510/1,嘉兴南,上海虹桥,778,805,378
379,G7365,上海虹桥,金华,967,1075,379
380,G7365/1,金华,江山,1077,1105,380
381,G7366,江山,嘉兴南,1126,1239,381
382,G7366/1,嘉兴南,上海虹桥,1241,1270,382
383,G7354,杭州,苏州园区,611,712,383
384,G7353,常州,嘉兴南,771,873,384
385,G7353/1,嘉兴南,杭州,875,914,385
386,G7536/1,临海,杭州东,1237,1343,386
387,G7536/2,杭州东,上海虹桥,1350,1398,387
388,G7659,杭州东,宁海,395,499,388
389,G7685/1,溧水,杭州东,1022,1094,389
390,G7685/2,杭州东,诸暨,1104,1129,390
391,G7198,六安,全椒,794,871,391
392,G7198/2,常州北,苏州北,938,983,392
393,G7198/3,苏州北,昆山南,998,1009,393
394,G7198/4,昆山南,上海虹桥,1015,1032,394
395,G7307,溧阳,余杭,426,533,395
396,G7317,上海虹桥,桐乡,694,741,396
397,G7323,上海虹桥,诸暨,1073,1171,397
398,G7324,温州南,义乌,518,622,398
399,G7324/1,义乌,上海虹桥,624,720,399
400,G7326,温州南,义乌,783,888,400
401,G7326/1,义乌,上海虹桥,890,985,401
402,G7336/1,缙云西,嘉兴南,934,1036,402
403,G7336/2,嘉兴南,上海虹桥,1038,1072,403
404,G7158,六安,南京南,975,1066,404
405,G7158/1,南京南,丹阳,1068,1114,405
406,G7158/2,丹阳,上海虹桥,1116,1206,406
407,G7543,上海虹桥,余姚北,427,527,407
408,G7543/2,台州,温州南,615,665,408
409,G7561,上海虹桥,宁波,1161,1269,409
410,G7568,温州南,宁波,480,587,410
411,G7568/1,宁波,杭州东,589,637,411
412,G7567,杭州东,台州,937,1047,412
413,G7567/1,台州,温州南,1049,1093,413
414,G7528,温州南,宁波,1118,1229,414
415,G7528/2,嘉兴南,上海虹桥,1323,1351,415
416,G7331,上海虹桥,金华南,380,486,416
417,G7331/2,丽水,温州南,542,577,417
418,G2328/1,江山,金华,926,954,418
419,G2328/3,青田,温州南,1034,1054,419
420,G7338,温州南,义乌,1078,1187,420
421,G7338/1,义乌,上海虹桥,1190,1288,421
422,G7333,上海虹桥,义乌,389,485,422
423,G7340,温州南,义乌,1114,1223,423
424,G7341,杭州东,丽水,360,459,424
425,G7342/1,义乌,杭州东,1361,1393,425
426,G7364,江山,杭州东,459,562,426
427,G7364/1,杭州东,海宁西,569,582,427
428,G7507,南京南,上海虹桥,496,598,428
429,G7507/1,上海虹桥,嘉兴南,613,640,429
430,G7507/2,嘉兴南,宁波,643,728,430
431,G7512,宁波,金山北,748,849,431
432,G7522,宁波,嘉兴南,1035,1136,432
433,G7522/1,嘉兴南,上海虹桥,1138,1166,433
434,G7381,上海虹桥,诸暨,1155,1249,434
435,G7381/2,上海虹桥,诸暨,1151,1244,435
436,G7383,上海虹桥,义乌,1244,1352,436
437,G7406,黄山北,合肥南,632,740,437
438,G7406/1,合肥南,蚌埠南,744,801,438
439,G7405,蚌埠南,巢湖东,880,964,439
440,G7408,黄山北,合肥南,1085,1179,440
441,G7408/1,合肥南,蚌埠南,1183,1247,441
442,G7402/1,合肥南,蚌埠南,550,614,442
443,G7419,合肥南,南陵,988,1057,443
444,G7419/1,南陵,黄山北,1063,1112,444
445,G7461,上海虹桥,嘉兴南,664,706,445
446,G7461/1,嘉兴南,金华南,709,803,446
447,G7461/2,金华南,温州南,805,884,447
448,G7464,温州南,义乌,904,1011,448
449,G7464/1,义乌,杭州东,1013,1047,449
450,G7463,杭州东,义乌,1069,1123,450
451,G7463/1,义乌,温州南,1125,1217,451
452,G7466,温州南,义乌,1233,1331,452
453,G7466/1,义乌,杭州东,1333,1365,453
454,G7467,杭州东,义乌,578,631,454
455,G7467/1,义乌,瑞安,633,747,455
456,G7468/1,瑞安,金华南,816,912,456
457,G7468/2,金华南,杭州东,914,983,457
458,G7465/1,丽水,温州南,1136,1172,458
459,G7462,温州南,义乌,1189,1297,459
460,G7462/1,义乌,上海虹桥,1299,1385,460
461,G7503,上海虹桥,宁波,484,592,461
462,G7503/1,宁波,奉化,600,617,462
463,G7542,台州,绍兴北,712,824,463
464,G7542/1,绍兴北,嘉善南,826,890,464
465,G7330/1,义乌,上海虹桥,505,607,465
466,G7541,上海虹桥,宁波,360,470,466
467,G7541/1,宁波,台州,476,550,467
468,G7508,台州,绍兴北,565,667,468
469,G7508/1,绍兴北,上海虹桥,669,747,469
470,G9311,上海虹桥,义乌,1125,1224,470
471,G9311/1,义乌,衢州,1226,1266,471
472,G7535,上海虹桥,余姚北,1141,1241,472
473,G7504/1,宁波,上海虹桥,505,620,473
474,G7514,宁波,桐乡,791,876,474
475,G7514/1,桐乡,上海虹桥,878,920,475
476,G7519,上海虹桥,余姚北,952,1054,476
477,G7519/1,余姚北,宁波,1056,1075,477
478,G7524/1,松江南,上海虹桥,1203,1217,478
479,G7549,上海虹桥,余姚北,490,596,479
480,G7549/1,余姚北,台州,598,683,480
481,G7549/2,台州,温州南,685,737,481
482,G7532/1,绍兴北,上海虹桥,558,641,482
483,G7538,苍南,台州,1004,1090,483
484,G7538/2,绍兴东,杭州东,1191,1223,484
485,D5502,南京,海安县,420,538,485
486,D5522/1,海安县,南通,919,952,486
487,D5534,南通,扬州,972,1071,487
488,D5534/1,扬州,南京,1073,1121,488
489,D5512,南京,海安县,555,663,489
490,D5512/1,海安县,南通,665,698,490
491,D5524,南通,扬州,714,812,491
492,D5524/1,扬州,南京,814,862,492
493,D5532/1,姜堰,南通,1051,1110,493
494,D5544,南通,扬州,1168,1269,494
495,D5544/1,扬州,南京,1271,1320,495
496,D5506,南京,海安县,480,594,496
497,D5506/1,海安县,南通,596,635,497
498,D5518,南通,扬州,655,754,498
499,D5518/1,扬州,南京,756,807,499
500,D5526,南京,姜堰,842,944,500
501,D5538,南通,扬州,1055,1160,501
502,D5538/1,扬州,南京,1162,1210,502
503,D5516,南京,海安县,773,877,503
504,D5516/1,海安县,南通,879,912,504
505,D5528,南通,扬州,936,1023,505
506,D5528/1,扬州,南京,1025,1073,506
507,D5548/1,扬州,南京,1355,1408,507
508,D5605,南京南,铜陵,830,913,508
509,D5605/1,铜陵,安庆,915,950,509
510,D5603,南京南,池州,710,815,510
511,D5603/1,池州,安庆,817,836,511
512,D5606,安庆,当涂东,854,955,512
513,D5607/1,池州,安庆,1111,1130,513
514,D2101,衢州,黄山北,942,1036,514
515,D2101/2,巢湖东,合肥南,1123,1146,515
516,G9248,安庆,南京南,1182,1290,516
517,G9248/1,南京南,上海,1294,1399,517
518,D9528,南通,扬州,1209,1302,518
519,D9528/1,扬州,南京,1304,1357,519
520,G7136,上海虹桥,镇江,630,723,520
521,G7136/1,镇江,铜陵,725,826,521
522,G7136/2,铜陵,安庆,828,869,522
523,G7086,安庆,马鞍山东,921,1027,523
524,G7086/3,昆山南,上海,1172,1190,524
525,G7076,上海,镇江,383,481,525
526,G7076/2,铜陵,安庆,585,626,526
527,G7082,安庆,马鞍山东,666,766,527
528,G7082/1,马鞍山东,常州,768,847,528
529,G7082/2,常州,昆山南,849,900,529
530,G7082/3,昆山南,上海,902,923,530
531,G7084,上海,镇江,512,607,531
532,G7084/1,镇江,铜陵,609,709,532
533,G7084/2,铜陵,安庆,711,752,533
534,G7142,安庆,马鞍山东,796,896,534
535,G7142/2,无锡,上海虹桥,988,1038,535
536,G7571,淮南东,南京南,740,837,536
537,G7571/1,南京南,镇江,845,871,537
538,G7571/3,苏州园区,杭州东,947,1032,538
539,G7571/4,杭州东,宁波,1035,1095,539
540,G7571/6,台州,温州南,1159,1218,540
541,G7572/2,杭州东,上海虹桥,599,667,541
542,G7572/3,上海虹桥,无锡,670,719,542
543,G7572/4,无锡,镇江,722,772,543
544,G7572/5,镇江,全椒,774,824,544
545,G7572/6,全椒,合肥,826,878,545
546,G7572/7,合肥,淮南东,884,917,546
547,G7355,南京,苏州,455,546,547
548,G7355/1,苏州,杭州东,548,640,548
549,G7355/2,杭州东,衢州,646,720,549
550,G7585,常州,嘉兴南,966,1062,550
551,G7585/1,嘉兴南,余姚北,1064,1135,551
552,G7585/2,余姚北,临海,1137,1210,552
553,G7586,温州南,宁海,462,548,553
554,G7586/1,宁海,杭州东,551,643,554
555,G7586/4,无锡,常州,769,784,555
556,G7584,宁波,嘉兴南,1013,1106,556
557,G7584/1,嘉兴南,上海虹桥,1108,1152,557
558,G7584/3,常州,南京,1229,1281,558
559,G7578,六安,南京南,636,732,559
560,G7578/1,南京南,上海虹桥,734,856,560
561,G7578/2,上海虹桥,绍兴北,859,940,561
562,G7072/2,马鞍山东,铜陵,504,568,562
563,G7140,上海虹桥,丹阳,904,990,563
564,G7074/1,马鞍山东,无锡,610,699,564
565,G7074/2,无锡,上海,701,755,565
566,G7088,上海,丹阳,774,861,566
567,G7088/2,铜陵,安庆,973,1014,567
568,G7080,上海,常州,463,532,568
569,G7144,上海虹桥,镇江,1027,1128,569
570,G7078/1,马鞍山东,苏州,650,754,570
571,G7078/2,苏州,上海,757,801,571
572,G7092,上海,镇江,828,918,572
573,G7092/1,镇江,南京南,925,951,573
574,G7092/2,南京南,池州,954,1047,574
575,G7092/3,池州,安庆,1049,1068,575
576,G7094/1,马鞍山东,无锡,1236,1324,576
577,G7094/2,无锡,上海,1326,1368,577
578,G7146,安庆,南京南,832,946,578
579,G7146/1,南京南,苏州,949,1037,579
580,G7146/2,苏州,上海虹桥,1039,1073,580
581,G129/1,济南西,南京南,838,986,581
582,G7292,上海,南京南,1064,1160,582
583,G7294/2,常州北,上海,611,663,583
584,G7221,淮南东,南京南,488,594,584
585,G7221/1,南京南,常州,597,660,585
586,G7221/2,常州,上海,664,739,586
587,G7589/1,南京南,镇江南,526,546,587
588,G7589/5,绍兴北,宁波,724,757,588
589,G7694,合肥南,宜兴,500,610,589
590,G7694/1,宜兴,诸暨,612,697,590
591,G7694/2,诸暨,江山,702,766,591
592,G7692,江山,杭州东,799,895,592
593,G7692/1,杭州东,溧水,897,973,593
594,G7692/2,溧水,合肥南,975,1052,594
595,G7632,丽水,杭州东,488,590,595
596,G7632/1,杭州东,南京南,596,677,596
597,G7632/2,南京南,合肥南,679,737,597
598,G7378,合肥南,常州北,567,673,598
599,G7378/1,常州北,上海虹桥,675,747,599
600,G7378/2,上海虹桥,嘉兴南,771,798,600
601,G7378/3,嘉兴南,义乌,800,870,601
602,G7378/4,义乌,江山,873,929,602
603,G7696,江山,杭州东,944,1042,603
604,G7698/2,宜兴,杭州东,672,726,604
605,G7698/3,杭州东,诸暨,734,758,605
606,G7698/4,诸暨,衢州,760,815,606
607,G7698/5,衢州,江山,817,829,607
608,G7376/1,海宁西,常州,955,1062,608
609,G7376/3,全椒,合肥南,1142,1178,609
610,G7598,合肥南,苏州北,626,744,610
611,G7598/2,嘉兴南,宁波,824,909,611
612,G7525,上海虹桥,余姚北,1078,1182,612
613,G7506/2,海宁西,上海虹桥,651,695,613
614,G7511,上海虹桥,绍兴北,713,795,614
615,G7511/2,温岭,温州南,907,957,615
616,G7596,温州南,宁波,973,1085,616
617,G7596/1,宁波,嘉兴南,1089,1181,617
618,G7596/2,嘉兴南,苏州北,1183,1245,618
619,G7596/3,苏州北,南京南,1247,1303,619
620,G7596/4,南京南,合肥南,1308,1363,620
621,G7581,南京南,苏州,407,505,621
622,G7581/2,嘉兴南,绍兴北,597,655,622
623,G7581/3,绍兴北,奉化,657,713,623
624,G7581/4,奉化,台州,715,762,624
625,G7600,温州南,宁波,842,954,625
626,G7600/2,桐乡,昆山南,1046,1128,626
627,G7599/1,南京南,镇江南,572,591,627
628,G7599/2,镇江南,上海虹桥,597,664,628
629,G7599/3,上海虹桥,绍兴北,670,744,629
630,G7599/4,绍兴北,宁波,746,785,630
631,G7599/5,宁波,临海,792,838,631
632,G7599/7,温州南,苍南,899,923,632
633,G7582,苍南,临海,944,1039,633
634,G7641,南京南,杭州东,433,524,634
635,G7641/1,杭州东,诸暨,535,560,635
636,G7641/2,诸暨,青田,566,652,636
637,G7321,上海虹桥,诸暨,977,1066,637
638,G7321/2,武义北,温州南,1119,1201,638
639,G7642,苍南,武义北,985,1092,639
640,G7642/1,武义北,长兴,1094,1192,640
641,G7642/2,长兴,南京南,1194,1241,641
642,G7665/2,绍兴北,宁海,608,680,642
643,G7665/3,宁海,温州南,682,766,643
644,G7660/1,宁海,长兴,876,995,644
645,G7660/2,长兴,南京南,997,1048,645
646,G7669,淮南东,南京南,630,735,646
647,G7669/2,溧阳,宁波,777,890,647
648,G7669/3,宁波,温州南,892,998,648
649,G7666/2,湖州,溧阳,1219,1256,649
650,G106,上海虹桥  ,南京南,430,510,650
651,G106/1,南京南,济南西,512,661,651
652,G137/1,济南西,南京南,938,1088,652
653,G137/2,南京南,上海虹桥  ,1091,1167,653
654,G7590,宁波,嘉兴南,1002,1098,654
655,G7590/1,嘉兴南,苏州北,1100,1168,655
656,G7590/2,苏州北,南京南,1170,1237,656
657,G7667,南京南,绍兴北,813,918,657
658,G7667/1,绍兴北,宁波,925,959,658
659,G7668,温州南,宁波,1123,1236,659
660,G7668/2,德清,南京南,1328,1394,660
661,G7625,南京南,杭州东,410,505,661
662,G7625/1,杭州东,缙云西,509,600,662
663,G7337,上海虹桥,义乌,932,1027,663
664,G7332/2,余杭,上海虹桥,662,711,664
665,G7335,上海虹桥,诸暨,750,840,665
666,G7335/1,诸暨,丽水,842,923,666
667,G7335/2,丽水,苍南,925,992,667
668,G7350/1,永康南,杭州东,1160,1233,668
669,G7350/4,无锡,南京南,1346,1408,669
670,G7689,南京南,绍兴北,480,584,670
671,G7689/1,绍兴北,台州,586,691,671
672,G7689/2,台州,苍南,693,773,672
673,G7690/1,三门县,绍兴北,843,940,673
674,G7690/2,绍兴北,宜兴,942,1014,674
675,G7690/3,宜兴,南京南,1016,1069,675
676,G2314/1,南昌西,衢州,915,1028,676
677,G2314/3,缙云西,温州南,1103,1153,677
678,G7611,南京南,杭州东,530,626,678
679,G7611/1,杭州东,宁波,628,687,679
680,G7680,合肥南,长兴,960,1074,680
681,G7680/1,长兴,余姚北,1076,1149,681
682,G7674/1,宁海,杭州东,517,613,682
683,G7674/2,杭州东,溧阳,617,677,683
684,G7674/3,溧阳,全椒,679,739,684
685,G7674/4,全椒,合肥南,741,783,685
686,G7610,宁波,湖州,1045,1138,686
687,G7610/1,湖州,南京南,1140,1212,687
688,G7587,南京南,常州,468,524,688
689,G7587/2,海宁西,宁波,641,719,689
690,G7587/3,宁波,台州,725,791,690
691,G7587/4,台州,温州南,793,849,691
692,G7646/1,宁海,绍兴北,961,1047,692
693,G7646/2,绍兴北,长兴,1049,1105,693
694,G7646/3,长兴,句容西,1107,1163,694
695,G7648,合肥,全椒,468,524,695
696,G7648/2,杭州东,奉化,647,723,696
697,G7588/2,绍兴北,上海虹桥,1111,1190,697
698,G7588/5,镇江,南京南,1297,1324,698
699,G7349,南京南,上海虹桥,450,547,699
700,G7349/1,上海虹桥,义乌,550,642,700
701,G7349/2,义乌,青田,645,725,701
702,G7349/3,青田,温州南,727,746,702
703,G7592,温州南,义乌,763,865,703
704,G7592/1,义乌,松江南,867,962,704
705,G7592/3,苏州,常州,1019,1056,705
706,G7592/4,常州,南京南,1058,1116,706
707,G7592/5,南京南,芜湖,1122,1159,707
708,G7594,安庆,马鞍山东,452,552,708
709,G7594/1,马鞍山东,丹阳,554,622,709
710,G7594/2,丹阳,常州,629,644,710
711,G7594/3,常州,上海虹桥,646,717,711
712,G7594/4,上海虹桥,杭州东,722,783,712
713,G7594/5,杭州东,武义北,787,854,713
714,G7594/6,武义北,青田,856,905,714
715,G7594/7,青田,温州南,907,926,715
716,G7626,温州南,金华南,945,1041,716
717,G7626/1,金华南,湖州,1046,1127,717
718,G7626/2,湖州,南京南,1129,1189,718
719,G7619/2,南京南,杭州东,640,729,719
720,G7619/3,杭州东,诸暨,739,763,720
721,G7619/4,诸暨,丽水,765,834,721
722,G7619/5,丽水,温州南,837,879,722
723,G7620,温州南,义乌,1027,1130,723
724,G7620/1,义乌,德清,1132,1190,724
725,G7620/2,德清,南京南,1192,1266,725
726,G7539,上海虹桥,宁波,855,969,726
727,G7540/2,宁波,嘉兴南,667,752,727
728,G7540/3,嘉兴南,上海虹桥,754,788,728
729,G7520,宁波,嘉兴南,976,1076,729
730,G7520/3,丹阳,南京南,1199,1240,730
731,G7501,上海虹桥,绍兴北,410,497,731
732,G7516/3,金山北,上海虹桥,970,989,732
733,G7521,上海虹桥,绍兴东,1007,1107,733
734,G7662/1,宁海,湖州,704,813,734
735,G7662/2,湖州,南京南,815,882,735
736,G7662/3,南京南,合肥南,886,944,736
737,G7664,合肥南,宜兴,982,1086,737
738,G7664/1,宜兴,杭州东,1090,1145,738
739,G7664/2,杭州东,宁波,1149,1212,739
740,G7670/2,绍兴北,长兴,654,711,740
741,G7670/3,长兴,南京南,716,770,741
742,G261/2,淮南东,六安,667,761,742
743,G1655,上海虹桥,义乌,563,658,743
744,G1655/1,义乌,南平北,660,792,744
745,G1658/3,龙游,杭州东,1244,1312,745
746,G1658/4,杭州东,上海虹桥,1315,1367,746
747,G1657,上海虹桥,义乌,618,712,747
748,G1657/1,义乌,武夷山东,714,814,748
749,G1660/3,诸暨,上海虹桥,1326,1398,749
750,G1633,上海虹桥,金华,745,858,750
751,G1633/2,武夷山东,福州,957,1038,751
752,G1640,福州,上饶,1076,1173,752
753,G1640/1,上饶,衢州,1183,1213,753
754,G1640/2,衢州,杭州东,1215,1307,754
755,G1640/3,杭州东,上海虹桥,1310,1363,755
756,G1802,上海虹桥,南京南,374,462,756
757,G1802/1,南京南,徐州东,464,566,757
758,G1864/2,德州东,济南西,962,1011,758
759,G1864/4,曲阜东,南京南,1056,1178,759
760,G1864/6,长兴,杭州东,1237,1270,760
761,G1862,杭州东,南京南,434,516,761
762,G1862/1,南京南,徐州东,521,614,762
763,G1820,郑州东,徐州东,805,916,763
764,G1820/1,徐州东,南京南,918,1007,764
765,G1820/2,南京南,上海虹桥,1009,1092,765
766,G411/2,蚌埠南,苏州北,916,1016,766
767,G411/3,苏州北,上海虹桥,1021,1045,767
768,G412,上海虹桥,南京南,748,829,768
769,G412/1,南京南,曲阜东,831,957,769
770,G412/2,曲阜东,泰安,968,987,770
771,G360,上海虹桥,南京南,516,584,771
772,G360/1,南京南,郑州东,586,757,772
773,G1938/1,郑州东,南京南,1034,1208,773
774,G1938/3,无锡东,上海虹桥,1271,1306,774
775,G7325,上海虹桥,嘉兴南,510,555,775
776,G7325/1,嘉兴南,海宁西,564,579,776
777,G7325/2,海宁西,武义北,585,674,777
778,G7325/4,丽水,温州南,717,753,778
779,G7627,南京南,杭州东,541,637,779
780,G7627/1,杭州东,丽水,640,735,780
781,G7627/2,丽水,瑞安,738,794,781
782,G7627/3,瑞安,苍南,796,814,782
783,G7339,上海虹桥,义乌,1115,1219,783
784,G7576/2,绍兴北,嘉兴南,640,694,784
785,G7576/3,嘉兴南,苏州,696,761,785
786,G7576/4,苏州,常州,763,794,786
787,G7576/5,常州,镇江,796,826,787
788,G7576/6,镇江,全椒,828,879,788
789,G7576/7,全椒,六安,881,953,789
790,G7638,合肥南,宜兴,453,560,790
791,G7638/1,宜兴,义乌,562,652,791
792,G7638/2,义乌,丽水,655,725,792
793,G7638/3,丽水,温州南,727,771,793
794,G2040,温州南,金华南,792,887,794
795,G2039/4,衢州,武义北,841,897,795
796,G2039/5,武义北,温州南,899,970,796
797,G7636/1,金华南,湖州,1095,1176,797
798,G7636/2,湖州,南京南,1178,1237,798
799,G7546,温州南,三门县,680,761,799
800,G7546/2,杭州东,上海虹桥,871,932,800
801,G7616,温州南,义乌,599,708,801
802,G7616/1,义乌,长兴,710,788,802
803,G7616/2,长兴,南京南,790,844,803
804,G7616/3,南京南,合肥南,847,905,804
805,G7618,合肥南,宜兴,938,1042,805
806,G7618/1,宜兴,义乌,1044,1129,806
807,G2326/1,金华,衢州,651,684,807
808,G2304/5,衢州,永康南,950,1005,808
809,G2304/7,丽水,温州南,1035,1076,809
810,G164/1,缙云西,义乌,714,771,810
811,G164/2,义乌,湖州,773,842,811
812,G164/3,湖州,溧水,844,891,812
813,G164/5,徐州东,泰安,994,1053,813
814,G163/2,曲阜东,南京南,816,947,814
815,G163/3,南京南,长兴,949,1005,815
816,G163/4,长兴,义乌,1007,1075,816
817,G163/5,义乌,永康南,1077,1121,817
818,G16,上海虹桥,南京南,660,727,818
819,G23/1,泰安,南京南,1140,1275,819
820,G23/2,南京南,上海虹桥,1278,1359,820
821,G36,杭州东,南京南,545,627,821
822,G45/1,济南西,徐州东,1033,1109,822
823,G45/2,徐州东,南京南,1117,1190,823
824,G45/4,杭州东,诸暨,1295,1319,824
825,G7372/3,苏州,镇江,608,663,825
826,G7372/4,镇江,合肥南,665,750,826
827,G7374/1,南京南,昆山南,965,1064,827
828,G7374/2,昆山南,杭州东,1069,1147,828
829,G7374/3,杭州东,诸暨,1163,1186,829
830,G7374/4,诸暨,龙游,1188,1237,830
831,G7374/5,龙游,衢州,1244,1255,831
832,G46,江山,杭州东,483,584,832
833,G46/1,杭州东,南京南,590,673,833
834,G46/2,南京南,泰安,677,807,834
835,G37/3,宜兴,杭州东,1287,1327,835
836,G1509,上海虹桥,杭州东,511,586,836
837,G1509/1,杭州东,玉山南,589,684,837
838,G1507/1,玉山南,嘉兴南,931,1045,838
839,G1507/2,嘉兴南,上海虹桥,1048,1076,839
840,G212,上海虹桥,常州北,523,582,840
841,G212/2,徐州东,曲阜东,708,745,841
842,G212/3,曲阜东,济南西,755,786,842
843,G212/4,济南西,天津西,789,866,843
844,G215,天津西,济南西,886,965,844
845,G215/1,济南西,徐州东,968,1047,845
846,G215/2,徐州东,南京南,1049,1136,846
847,G215/3,南京南,上海虹桥,1141,1223,847
848,G7386/4,镇江南,全椒,742,788,848
849,G7386/5,全椒,合肥南,795,836,849
850,G7388,合肥南,南京南,866,935,850
851,G7388/1,南京南,无锡东,938,1010,851
852,G7388/3,嘉兴南,义乌,1098,1175,852
853,G7388/4,义乌,衢州,1178,1225,853
854,G1956,上海虹桥,南京南,719,818,854
855,G1958/4,徐州东,南京南,890,973,855
856,G1958/5,南京南,苏州北,975,1039,856
857,G1958/6,苏州北,上海虹桥,1041,1064,857
858,G1481,南京南,杭州东,688,787,858
859,G1484/4,衢州,杭州东,900,975,859
860,G1484/5,杭州东,德清,983,996,860
861,G7684,合肥南,长兴,550,664,861
862,G7684/2,余姚北,宁波,759,778,862
863,G7684/3,宁波,温岭,780,853,863
864,G7682,温州南,宁波,922,1034,864
865,G7682/1,宁波,宜兴,1040,1141,865
866,G7682/2,宜兴,南京南,1143,1183,866
867,G7682/3,南京南,合肥南,1189,1247,867
868,G268,合肥南,徐州东,785,884,868
869,G268/1,徐州东,曲阜东,902,940,869
870,G271/2,蚌埠南,合肥南,1359,1409,870
871,G1519,上海虹桥,义乌,1087,1192,871
872,G1602/4,南平北,上饶,909,967,872
873,G1602/8,巢湖东,合肥南,1105,1127,873
874,G1624/3,巢湖东,合肥南,1030,1052,874
875,G7545,上海虹桥,余姚北,947,1049,875
876,G7545/2,台州,温州南,1143,1199,876
877,G7545/3,上海虹桥,绍兴北,947,1029,877
878,G7545/4,绍兴北,宁波,1031,1070,878
879,G7545/5,宁波,台州,1087,1142,879
880,G7545/6,台州,温州南,1144,1199,880
881,G1349,上海虹桥,义乌,648,751,881
882,G1349/1,义乌,南昌西,753,875,882
883,G1364/1,进贤南,衢州,1119,1205,883
884,G1364/2,衢州,杭州东,1207,1281,884
885,G1364/3,杭州东,上海虹桥,1285,1340,885
886,G1329,上海虹桥,金华,821,932,886
887,G1326/3,南昌西,衢州,1017,1110,887
888,G1326/4,衢州,诸暨,1112,1167,888
889,G1326/6,嘉善南,上海虹桥,1232,1256,889
890,G1341,上海虹桥,金华,452,565,890
891,G1356/1,南昌西,龙游,925,1025,891
892,G1356/3,杭州东,上海虹桥,1098,1158,892
893,G2342,宁波,义乌,548,668,893
894,G2344/8,金华,杭州东,1124,1176,894
895,G2344/10,绍兴北,余姚北,1211,1236,895
896,G2344/11,余姚北,宁波,1238,1257,896
897,G2364/4,江山,金华南,861,910,897
898,G2364/5,金华南,丽水,912,954,898
899,G2364/8,台州,宁波,1076,1137,899
900,G579,南京南,六安,482,578,900
901,G578/3,昆山南,上海虹桥,1229,1246,901
902,G576,上海虹桥,南京南,504,597,902
903,G576/1,南京南,六安,602,703,903
904,G580/2,合肥南,南京南,1264,1318,904
905,G7537,上海虹桥,余姚北,689,794,905
906,G7537/2,临海,温州南,871,941,906
907,G7537/3,温州南,苍南,943,974,907
908,G54,上海虹桥,南京南,558,650,908
909,G54/1,南京南,徐州东,655,746,909
910,G54/2,徐州东,德州东,748,856,910
911,G54/4,杭州东,宜兴,567,615,911
912,G54/5,宜兴,蚌埠南,617,696,912
913,G53/2,句容西,杭州东,1188,1264,913
914,G122,上海虹桥,南京南,641,733,914
915,G122/1,南京南,曲阜东,735,855,915
916,G267/3,淮南东,合肥南,1311,1350,916
917,G266,六安,淮南东,490,573,917
918,G266/1,淮南东,徐州东,575,646,918
919,G145/1,济南西,徐州东,992,1055,919
920,G145/2,徐州东,苏州北,1059,1208,920
921,G145/3,苏州北,上海虹桥,1210,1233,921
922,G9246,上海,苏州,921,960,922
923,G9246/2,马鞍山东,安庆,1068,1163,923
924,G9250,上海虹桥,镇江,1081,1181,924
925,G2362,宁波,温州南,561,672,925
926,G2362/1,温州南,丽水,692,727,926
927,G2362/2,丽水,江山,729,813,927
928,G2362/3,江山,进贤南,815,897,928
