编号,车次,出发车站,到达车站,出发时刻,到达时刻,交路编号,是否OG
1,G7001,南京,上海,420,520,1,0
2,G7004,上海,南京,480,579,2,0
3,G7006,上海,南京,540,639,3,0
4,G7007,南京,上海,600,700,4,0
5,G7009,南京,上海,660,759,5,0
6,G7012,上海,南京,720,819,6,0
7,G7014,上海,南京,780,879,7,0
8,G7015,南京,上海,840,940,8,0
9,G7017,南京,上海,900,1000,9,0
10,G7020,上海,南京,960,1059,10,0
11,G7022,上海,南京,1020,1121,11,0
12,G7023,南京,上海,1080,1179,12,0
13,G7025,南京,上海,1140,1239,13,0
14,G7028,上海,南京,1200,1299,14,0
15,G7002,上海,南京,420,525,15,0
16,G7003,南京,上海,480,579,16,0
17,G7005,南京,上海,540,639,17,0
18,G7008,上海,南京,600,699,18,0
19,G7010,上海,南京,660,759,19,0
20,G7011,南京,上海,720,819,20,0
21,G7013,南京,上海,780,879,21,0
22,G7016,上海,南京,840,941,22,0
23,G7018,上海,南京,900,1005,23,0
24,G7019,南京,上海,960,1060,24,0
25,G7021,南京,上海,1020,1121,25,0
26,G7024,上海,南京,1080,1185,26,0
27,G7026,上海,南京,1140,1240,27,0
28,G7027,南京,上海,1200,1299,28,0
29,DJ7715,南京南,上海,301,388,29,0
30,G7034,上海,南京,414,559,30,0
31,G7047,南京,上海,609,727,31,0
32,G7048,上海,南京,745,874,32,0
33,G7059,南京,上海,905,1019,33,0
34,G7056,上海,南京,1046,1165,34,0
35,G7067,南京,上海,1181,1307,35,0
36,DJ7716,上海,南京南,305,408,36,0
37,G7103,南京南,上海虹桥,439,565,37,0
38,G7068,上海,南京南,1219,1341,38,0
39,G7035,南京,上海,391,515,39,0
40,G7038,上海,南京,545,668,40,0
41,G7049,南京,上海,700,823,41,0
42,G7044,上海,南京,646,764,42,0
43,G7055,南京,上海,834,951,43,0
44,G7054,上海,南京,980,1100,44,0
45,G7097,南京,上海,1120,1244,45,0
46,G7098,上海,南京,1265,1378,46,0
47,G7037,南京南,上海,400,538,47,0
48,G7244/5,上海,合肥南,713,886,48,0
49,G7246/3,合肥南,上海,918,1111,49,0
50,G7052,上海,南京,939,1064,50,0
51,G7065,南京,上海,1092,1220,51,0
52,G7030,上海,南京南,1260,1379,52,0
53,G7039,南京,上海,434,554,53,0
54,G7040,上海,南京,594,712,54,0
55,G7051,南京,上海,729,853,55,0
56,G7050,上海,南京,870,990,56,0
57,G7121,南京,上海虹桥,1015,1137,57,0
58,G7124,上海虹桥,南京,1169,1288,58,0
59,G7101,南京,上海虹桥,371,500,59,0
60,G7104,上海虹桥,南京,534,650,60,0
61,G7113,南京,上海虹桥,665,771,61,0
62,G7112,上海虹桥,南京,793,916,62,0
63,G7061,南京,上海,947,1070,63,0
64,G7058,上海,南京,1093,1220,64,0
65,G7069,南京,上海,1241,1360,65,0
66,G7032,上海,南京,353,474,66,0
67,G7045,南京,上海,569,696,67,0
68,G7046,上海,南京,740,852,68,0
69,G7057,南京,上海,867,988,69,0
70,G7062,上海,南京,1172,1293,70,0
71,G7102,上海虹桥,南京,440,565,71,0
72,G7109,南京,上海虹桥,595,720,72,0
73,G7110,上海虹桥,南京,766,895,73,0
74,G7063,南京,上海,975,1100,74,0
75,G7108,上海虹桥,南京,700,824,75,0
76,G7117,南京,上海虹桥,882,1004,76,0
77,G7118,上海虹桥,南京,1038,1159,77,0
78,G7125,南京,上海虹桥,1188,1311,78,0
79,G7105,南京,上海虹桥,518,644,79,0
80,G7106,上海虹桥,南京,665,778,80,0
81,G7115,南京,上海虹桥,810,932,81,0
82,G7116,上海虹桥,南京,974,1095,82,0
83,G7123,南京,上海虹桥,1114,1230,83,0
84,G7120,上海虹桥,南京,1089,1209,84,0
85,G7107,南京,上海虹桥,550,678,85,0
86,G7042,上海,南京,605,726,86,0
87,G7053,南京,上海,790,915,87,0
88,G7252/3,上海,合肥南,944,1077,88,0
89,G7254/1,合肥南,上海,1103,1288,89,0
90,G7096,上海,南京,1310,1410,90,0
91,G7127,南京南,上海虹桥,800,936,91,0
92,G7036,上海,南京,490,614,92,0
93,G7111,南京,上海虹桥,629,748,93,0
94,G7114,上海虹桥,南京,847,967,94,0
95,G7119,南京,上海虹桥,983,1105,95,0
96,G7122,上海虹桥,南京南,1143,1269,96,0
97,G7029,南京,上海,336,450,97,0
98,G7066,上海,南京,1208,1329,98,0
99,G7031,南京南,上海,354,474,99,0
100,G7222/3,上海,合肥,1012,1199,100,0
101,G7043,南京南,上海,491,618,101,0
102,G7236/7,上海,合肥南,640,819,102,0
103,G7238/5,合肥南,上海,840,1031,103,0
104,G7256/7,上海,合肥南,1053,1242,104,0
105,G7228/5,合肥南,上海,480,612,105,0
106,G7064,上海,南京南,975,1100,106,0
107,G7100,上海,南京,885,1011,107,0
108,G7099,南京,上海,1125,1257,108,0
109,G7229,南京南,上海,779,902,109,0
110,G7156/7,上海虹桥,合肥,1106,1330,110,0
111,G7164/5,上海虹桥,合肥南,787,965,111,0
112,G7166/3,合肥南,上海虹桥,1038,1225,112,0
113,G7258/5,合肥南,上海,461,657,113,0
114,G7264/5,上海,合肥南,677,852,114,0
115,G7266/3,合肥南,上海,872,1046,115,0
116,G7260/1,上海,合肥南,1152,1337,116,0
117,G7613,南京南,杭州东,982,1075,117,0
118,G7652/3,杭州东,合肥南,1121,1271,118,0
119,G7658/5,合肥南,杭州东,1128,1302,119,0
120,G7634/1,合肥南,杭州东,759,911,120,0
121,G7656/7,杭州东,合肥南,934,1108,121,0
122,G7603,南京南,杭州东,1130,1218,122,0
123,G7248/9,上海,合肥南,794,979,123,0
124,G7250/47,合肥南,上海,997,1190,124,0
125,G7070,上海,南京南,1240,1360,125,0
126,DJ7699,南京南,上海虹桥,310,378,126,0
127,G7604,杭州东,南京南,730,811,127,0
128,G7351,上海,杭州,578,667,128,0
129,G7304,杭州,上海虹桥,690,759,129,0
130,G7305,上海虹桥,杭州,810,876,130,0
131,G7308,杭州,上海虹桥,892,951,131,0
132,G7315,上海虹桥,杭州,1290,1348,132,0
133,G7358,杭州,上海,370,456,133,0
134,G7357,上海,杭州,485,586,134,0
135,G7360,杭州,上海,937,1041,135,0
136,G7359,上海,杭州,1074,1171,136,0
137,G7352,杭州,上海,1200,1291,137,0
138,G7196/7,上海虹桥,合肥南,1074,1225,138,0
139,G7301,上海虹桥,杭州,395,460,139,0
140,G7302,杭州,上海虹桥,478,543,140,0
141,G7180,上海虹桥,南京南,615,698,141,0
142,G7311,上海虹桥,杭州,1047,1119,142,0
143,G7314,杭州,上海虹桥,1142,1203,143,0
144,G7126,上海虹桥,南京南,1230,1353,144,0
145,G7309,上海虹桥,杭州,982,1063,145,0
146,G7312,杭州,上海虹桥,1080,1140,146,0
147,DJ7725,上海虹桥,杭州东,287,333,147,0
148,G7566/3,合肥南,杭州东,826,1086,148,0
149,G7564/5,杭州东,合肥南,514,773,149,0
150,DJ7698,上海虹桥,南京南,306,374,150,0
151,G7558,杭州东,上海虹桥,426,492,151,0
152,G7393/2,南京南,上海虹桥,454,661,152,0
153,G7391/4,上海虹桥,南京南,1098,1304,153,0
154,G7395/8,上海虹桥,南京南,447,660,154,0
155,G7397/6,南京南,上海虹桥,1094,1284,155,0
156,G7196/7,上海虹桥,合肥南,1074,1225,156,0
157,G7555,上海虹桥,杭州东,1252,1327,157,0
158,G7556,杭州东,上海虹桥,408,483,158,0
159,G7612,杭州东,南京南,1282,1363,159,0
160,DJ8698,合肥南,南京南,312,402,160,0
161,G9402/3,上海虹桥,合肥南,831,1027,161,0
162,G9404/1,合肥南,上海虹桥,1066,1236,162,0
163,G9408/5,合肥南,上海虹桥,913,1064,163,0
164,G9406/7,上海虹桥,合肥南,1089,1276,164,0
165,0D5645,南京南,马鞍山东,342,413,165,0
166,0G7307,南京南,溧阳,348,415,166,0
167,DJ7731,杭州东,温州南,291,445,167,0
168,DJ8697,南京南,安庆,300,390,168,0
169,G9312,衢州,上海虹桥,1286,1407,169,0
170,D5495,合肥南,六安,435,463,170,0
171,G9232/3,上海虹桥,铜陵,385,597,171,0
172,G9234/1,铜陵,上海虹桥,615,800,172,0
173,G9236/7,上海虹桥,池州,864,1080,173,0
174,G9238/5,池州,上海虹桥,1110,1345,174,0
175,G9312,衢州,上海虹桥,1286,1407,175,0
176,D9511,南京南,芜湖,620,663,176,0
177,D9513,南京南,芜湖,745,782,177,0
178,D9514,芜湖,南京南,805,848,178,0
179,D9515,南京南,芜湖,868,905,179,0
180,D9516,芜湖,南京南,925,962,180,0
181,D9517,南京南,芜湖,995,1038,181,0
182,D9518,芜湖,南京南,1060,1103,182,0
183,D9519,南京南,芜湖,1135,1178,183,0
184,D9522/3,南京,南通,600,774,184,0
185,D9524/1,南通,南京,853,1014,185,0
186,G7136,上海虹桥,芜湖,630,792,186,0
187,G7136/1,芜湖,安庆,794,869,187,0
188,G7086,安庆,常州,921,1103,188,0
189,G7086/1,常州,上海,1105,1190,189,0
190,G7076,上海,芜湖,383,549,190,0
191,G7076/1,芜湖,安庆,551,626,191,0
192,G7082,安庆,常州,666,847,192,0
193,G7082/1,常州,上海,849,923,193,0
194,G7084,上海,芜湖,512,675,194,0
195,G7084/1,芜湖,安庆,677,752,195,0
196,G7142,安庆,无锡,796,986,196,0
197,G7142/1,无锡,上海虹桥,988,1038,197,0
198,G7571,淮南东,无锡,740,919,198,0
199,G7571/1,无锡,杭州东,921,1032,199,0
200,G7571/2,杭州东,奉化,1035,1115,200,0
201,G7571/3,奉化,温州南,1117,1218,201,0
202,G7572,温州南,杭州东,410,596,202,0
203,G7572/1,杭州东,无锡,599,719,203,0
204,G7572/2,无锡,南京南,722,801,204,0
205,G7572/3,南京南,淮南东,803,917,205,0
206,G7355,南京,杭州东,455,640,206,0
207,G7355/1,杭州东,衢州,646,720,207,0
208,G7585,常州,余姚北,966,1135,208,0
209,G7585/1,余姚北,温州南,1137,1276,209,0
210,G7586,温州南,桐乡,462,664,210,0
211,G7586/1,桐乡,常州,666,784,211,0
212,G7584,宁波,苏州,1013,1193,212,0
213,G7584/1,苏州,南京,1195,1281,213,0
214,G7578,六安,无锡,636,804,214,0
215,G7578/1,无锡,嘉兴南,806,894,215,0
216,G7578/2,嘉兴南,宁波,896,985,216,0
217,G7578/3,宁波,温岭,987,1071,217,0
218,G7578/4,温岭,温州南,1073,1130,218,0
219,G7072,上海,当涂东,348,513,219,0
220,G7072/1,当涂东,安庆,515,611,220,0
221,G7140,上海虹桥,繁昌西,904,1088,221,0
222,G7140/1,繁昌西,安庆,1090,1149,222,0
223,G7074,安庆,常州,502,682,223,0
224,G7074/1,常州,上海,684,755,224,0
225,G7088,上海,芜湖,774,937,225,0
226,G7088/1,芜湖,安庆,939,1014,226,0
227,G7080,上海,弋江,463,642,227,0
228,G7080/1,弋江,安庆,644,712,228,0
229,G7144,上海虹桥,芜湖,1027,1204,229,0
230,G7144/1,芜湖,安庆,1206,1280,230,0
231,G7078,安庆,无锡,548,736,231,0
232,G7078/1,无锡,上海,738,801,232,0
233,G7092,上海,芜湖,828,991,233,0
234,G7092/1,芜湖,安庆,993,1068,234,0
235,G7094,安庆,常州,1128,1307,235,0
236,G7094/1,常州,上海,1309,1368,236,0
237,G7146,安庆,镇江,832,975,237,0
238,G7146/1,镇江,上海虹桥,981,1073,238,0
239,G130,上海,徐州东,675,863,239,0
240,G130/1,徐州东,北京南,866,1049,240,0
241,G201,北京南,徐州东,1085,1271,241,0
242,G201/1,徐州东,淮北,1291,1334,242,0
243,G202,淮北,沧州西,438,625,243,0
244,G202/1,沧州西,北京南,627,678,244,0
245,G129,北京南,宿州东,735,924,245,0
246,G129/1,宿州东,上海虹桥,926,1069,246,0
247,G7292,上海,徐州东,1064,1261,247,0
248,G7292/1,徐州东,淮北,1271,1315,248,0
249,G7294,淮北,常州北,420,609,249,0
250,G7294/1,常州北,上海,611,663,250,0
251,G7221,淮南东,无锡,488,679,251,0
252,G7221/1,无锡,上海,681,739,252,0
253,G7589,徐州东,苏州北,413,594,253,0
254,G7589/1,苏州北,余杭,596,688,254,0
255,G7589/2,余杭,宁波,690,757,255,0
256,G7694,合肥南,诸暨,500,697,256,0
257,G7694/1,诸暨,江山,702,766,257,0
258,G7692,江山,溧水,799,973,258,0
259,G7692/1,溧水,合肥南,975,1052,259,0
260,G7632,丽水,宜兴,488,643,260,0
261,G7632/1,宜兴,合肥南,645,737,261,0
262,G7378,合肥南,上海虹桥,567,747,262,0
263,G7378/1,上海虹桥,杭州东,771,833,263,0
264,G7378/2,杭州东,江山,838,929,264,0
265,G7696,江山,溧阳,944,1104,265,0
266,G7696/1,溧阳,宿州东,1106,1227,266,0
267,G7696/2,宿州东,淮北,1229,1300,267,0
268,G7698,淮北,长兴,486,685,268,0
269,G7698/1,长兴,义乌,687,774,269,0
270,G7698/2,义乌,江山,776,829,270,0
271,G7376,江山,无锡新区,851,1042,271,0
272,G7376/1,无锡新区,合肥南,1044,1178,272,0
273,G7598,合肥南,嘉兴南,626,821,273,0
274,G7598/1,嘉兴南,宁波,824,909,274,0
275,G7525,上海虹桥,临海,1078,1258,275,0
276,G7525/1,临海,温州南,1260,1323,276,0
277,G7506,温州南,杭州东,449,632,277,0
278,G7506/1,杭州东,上海虹桥,636,695,278,0
279,G7511,上海虹桥,温岭,713,905,279,0
280,G7511/1,温岭,温州南,907,957,280,0
281,G7596,温州南,海宁西,973,1164,281,0
282,G7596/1,海宁西,南京南,1166,1303,282,0
283,G7596/2,南京南,合肥南,1308,1363,283,0
284,G7581,南京南,嘉善南,407,582,284,0
285,G7581/1,嘉善南,宁波,587,693,285,0
286,G7581/2,宁波,雁荡山,696,782,286,0
287,G7581/3,雁荡山,温州南,784,819,287,0
288,G7600,温州南,桐乡,842,1043,288,0
289,G7600/1,桐乡,无锡东,1046,1154,289,0
290,G7600/2,无锡东,滁州,1156,1249,290,0
291,G7600/3,滁州,徐州东,1251,1326,291,0
292,G7599,徐州东,无锡东,463,633,292,0
293,G7599/1,无锡东,余姚北,635,764,293,0
294,G7599/2,余姚北,温州南,766,897,294,0
295,G7599/3,温州南,苍南,899,923,295,0
296,G7582,苍南,庄桥,944,1108,296,0
297,G7582/1,庄桥,嘉善南,1110,1204,297,0
298,G7582/2,嘉善南,南京南,1206,1365,298,0
299,G7641,南京南,金华南,433,592,299,0
300,G7641/1,金华南,苍南,594,704,300,0
301,G7321,上海虹桥,缙云西,977,1143,301,0
302,G7321/1,缙云西,苍南,1145,1245,302,0
303,G7642,苍南,湖州,985,1181,303,0
304,G7642/1,湖州,南京南,1183,1241,304,0
305,G7665,徐州东,绍兴北,408,606,305,0
306,G7665/1,绍兴北,温岭,608,725,306,0
307,G7665/2,温岭,温州南,728,766,307,0
308,G7660,温州南,杭州东,788,967,308,0
309,G7660/1,杭州东,南京南,970,1048,309,0
310,G7669,淮南东,杭州东,630,825,310,0
311,G7669/1,杭州东,台州,831,946,311,0
312,G7669/2,台州,温州南,948,998,312,0
313,G7666,温州南,湖州,1016,1217,313,0
314,G7666/1,湖州,蚌埠南,1219,1331,314,0
315,G7666/2,蚌埠南,徐州东,1333,1371,315,0
316,G106,上海虹桥,济南西,430,661,316,0
317,G106/1,济南西,北京南,663,762,317,0
318,G137,北京南,徐州东,787,966,318,0
319,G137/1,徐州东,上海虹桥,968,1141,319,0
320,G7590,宁波,上海虹桥,1002,1127,320,0
321,G7590/1,上海虹桥,徐州东,1145,1335,321,0
322,G7667,南京南,临海,813,1009,322,0
323,G7667/1,临海,温州南,1011,1081,323,0
324,G7668,温州南,杭州东,1123,1311,324,0
325,G7668/1,杭州东,南京南,1313,1394,325,0
326,G7625,南京南,永康南,410,588,326,0
327,G7625/1,永康南,温州南,590,654,327,0
328,G7337,上海虹桥,青田,932,1116,328,0
329,G7337/1,青田,苍南,1118,1190,329,0
330,G7332,苍南,杭州东,471,648,330,0
331,G7332/1,杭州东,上海虹桥,650,711,331,0
332,G7335,上海虹桥,丽水,750,923,332,0
333,G7335/1,丽水,苍南,925,992,333,0
334,G7350,苍南,杭州东,1056,1233,334,0
335,G7350/1,杭州东,常州,1243,1360,335,0
336,G7350/2,常州,南京南,1362,1408,336,0
337,G7689,南京南,杭州东,480,563,337,0
338,G7689/1,杭州东,苍南,565,773,338,0
339,G7690,温州南,杭州东,767,962,339,0
340,G7690/1,杭州东,南京南,964,1069,340,0
341,G2312,温州南,抚州东,439,635,341,0
342,G2312/1,抚州东,长沙南,637,766,342,0
343,G2314,长沙南,玉山南,810,996,343,0
344,G2314/1,玉山南,温州南,1005,1153,344,0
345,G7611,南京南,宁波,530,687,345,0
346,G7680,合肥南,余姚北,960,1149,346,0
347,G7680/1,余姚北,温州南,1151,1293,347,0
348,G7674,温州南,杭州东,424,613,348,0
349,G7674/1,杭州东,南京南,617,712,349,0
350,G7674/2,南京南,合肥南,718,783,350,0
351,G7610,宁波,南京南,1045,1212,351,0
352,G7610/1,南京南,定远,1212,1239,352,0
353,G7610/2,定远,徐州东,1241,1311,353,0
354,G7587,南京南,杭州东,468,654,354,0
355,G7587/1,杭州东,三门县,658,770,355,0
356,G7587/2,三门县,温州南,772,849,356,0
357,G7646,温州南,绍兴北,873,1047,357,0
358,G7646/1,绍兴北,句容西,1049,1163,358,0
359,G7646/2,句容西,合肥,1165,1240,359,0
360,G7648,合肥,长兴,468,614,360,0
361,G7648/1,长兴,临海,617,757,361,0
362,G7648/2,临海,瑞安,760,843,362,0
363,G7648/3,瑞安,苍南,852,876,363,0
364,G7588,苍南,绍兴东,902,1088,364,0
365,G7588/1,绍兴东,昆山南,1096,1213,365,0
366,G7588/2,昆山南,丹阳,1219,1281,366,0
367,G7588/3,丹阳,南京南,1283,1324,367,0
368,G7349,南京南,义乌,450,642,368,0
369,G7349/1,义乌,温州南,645,746,369,0
370,G7592,温州南,嘉善南,763,946,370,0
371,G7592/1,嘉善南,无锡,948,1040,371,0
372,G7592/2,无锡,江宁西,1042,1134,372,0
373,G7592/3,江宁西,铜陵,1136,1205,373,0
374,G7592/4,铜陵,安庆,1207,1248,374,0
375,G7594,安庆,丹阳,452,622,375,0
376,G7594/1,丹阳,嘉善南,629,746,376,0
377,G7594/2,嘉善南,温州南,748,926,377,0
378,G7626,温州南,湖州,945,1127,378,0
379,G7626/1,湖州,南京南,1129,1189,379,0
380,G7619,徐州东,溧水,520,664,380,0
381,G7619/1,溧水,诸暨,666,763,381,0
382,G7619/2,诸暨,温州南,765,879,382,0
383,G7620,温州南,湖州,1027,1205,383,0
384,G7620/1,湖州,徐州东,1207,1351,384,0
385,G7539,上海虹桥,温岭,855,1050,385,0
386,G7539/1,温岭,苍南,1061,1150,386,0
387,G7540,苍南,宁波,501,664,387,0
388,G7540/1,宁波,上海虹桥,667,788,388,0
389,G7520,宁波,昆山南,976,1133,389,0
390,G7520/1,昆山南,南京南,1135,1240,390,0
391,G7501,上海虹桥,温岭,410,609,391,0
392,G7501/1,温岭,苍南,611,687,392,0
393,G7516,苍南,绍兴北,706,896,393,0
394,G7516/1,绍兴北,上海虹桥,898,989,394,0
395,G7521,上海虹桥,三门县,1007,1186,395,0
396,G7521/1,三门县,温州南,1188,1258,396,0
397,G7662,温州南,湖州,615,813,397,0
398,G7662/1,湖州,合肥南,815,944,398,0
399,G7664,合肥南,杭州东,982,1145,399,0
400,G7664/1,杭州东,台州,1149,1286,400,0
401,G7664/2,台州,苍南,1288,1366,401,0
402,G7670,苍南,绍兴北,458,652,402,0
403,G7670/1,绍兴北,南京南,654,770,403,0
404,G7670/2,南京南,淮南东,773,876,404,0
405,G272,合肥南,天津南,1097,1320,405,0
406,G272/1,天津南,北京南,1326,1360,406,0
407,G261,北京南,蚌埠南,428,645,407,0
408,G261/1,蚌埠南,六安,649,761,408,0
409,G1655,上海虹桥,建瓯西,563,774,409,0
410,G1655/1,建瓯西,厦门北,776,944,410,0
411,G1658,厦门北,上饶,975,1194,411,0
412,G1658/1,上饶,上海虹桥,1196,1367,412,0
413,G1657,上海虹桥,武夷山东,618,814,413,0
414,G1657/1,武夷山东,莆田,816,951,414,0
415,G1657/2,莆田,厦门北,953,1006,415,0
416,G1660,厦门北,武夷山东,1029,1206,416,0
417,G1660/1,武夷山东,杭州东,1208,1349,417,0
418,G1660/2,杭州东,上海虹桥,1351,1398,418,0
419,G1633,上海虹桥,武夷山东,745,955,419,0
420,G1633/1,武夷山东,福州,957,1038,420,0
421,G1640,福州,义乌,1076,1256,421,0
422,G1640/1,义乌,上海虹桥,1258,1363,422,0
423,G1640/2,福州,上饶,1075,1177,423,0
424,G1640/3,上饶,诸暨,1183,1272,424,0
425,G1640/4,诸暨,上海虹桥,1285,1363,425,0
426,G1802,上海虹桥,南京南,374,462,426,0
427,G1802/1,南京南,郑州东,464,699,427,0
428,G1864,太原南,德州东,772,957,428,0
429,G1864/1,德州东,徐州东,962,1092,429,0
430,G1864/2,徐州东,长兴,1103,1235,430,0
431,G1864/3,长兴,杭州东,1237,1270,431,0
432,G1862,杭州东,枣庄,434,639,432,0
433,G1862/1,枣庄,德州东,642,757,433,0
434,G1862/2,德州东,阳泉北,762,878,434,0
435,G1862/3,阳泉北,太原南,880,950,435,0
436,G1820,郑州东,南京南,805,1007,436,0
437,G1820/1,南京南,上海虹桥,1009,1092,437,0
438,G411,北京南,徐州东,680,876,438,0
439,G411/1,徐州东,上海虹桥,878,1045,439,0
440,G412,上海虹桥,曲阜东,748,957,440,0
441,G412/1,曲阜东,廊坊,968,1105,441,0
442,G412/2,廊坊,北京南,1107,1128,442,0
443,G360,上海虹桥,郑州东,516,757,443,0
444,G360/1,郑州东,西安北,764,872,444,0
445,G1938,西安北,徐州东,913,1126,445,0
446,G1938/1,徐州东,上海虹桥,1134,1306,446,0
447,G7325,上海虹桥,义乌,510,647,447,0
448,G7325/1,义乌,丽水,650,715,448,0
449,G7325/2,丽水,温州南,717,753,449,0
450,G7627,南京南,缙云西,541,719,450,0
451,G7627/1,缙云西,苍南,722,814,451,0
452,G7339,上海虹桥,青田,1115,1302,452,0
453,G7339/1,青田,苍南,1304,1371,453,0
454,G7576,苍南,杭州东,429,659,454,0
455,G7576/1,杭州东,南京南,664,854,455,0
456,G7576/2,南京南,六安,858,953,456,0
457,G7638,合肥南,义乌,453,652,457,0
458,G7638/1,义乌,温州南,655,771,458,0
459,G2040,温州南,鹰潭北,792,980,459,0
460,G2040/1,鹰潭北,枫林,982,1105,460,0
461,G2040/2,枫林,武汉,1107,1177,461,0
462,G2039,武汉,南昌西,563,732,462,0
463,G2039/1,南昌西,金华南,739,879,463,0
464,G2039/2,金华南,温州南,886,970,464,0
465,G7636,温州南,湖州,993,1176,465,0
466,G7636/1,湖州,合肥南,1178,1298,466,0
467,G7546,温州南,杭州东,680,866,467,0
468,G7546/1,杭州东,上海虹桥,871,932,468,0
469,G7616,温州南,湖州,599,777,469,0
470,G7616/1,湖州,合肥南,779,905,470,0
471,G7618,合肥南,义乌,938,1129,471,0
472,G7618/1,义乌,温州南,1131,1244,472,0
473,G2326,温州南,上饶,547,714,473,0
474,G2326/1,上饶,南昌西,716,787,474,0
475,G2302,温州南,抚州东,621,815,475,0
476,G2302/1,抚州东,长沙南,817,959,476,0
477,G2302/2,长沙南,三穗,968,1111,477,0
478,G2302/3,三穗,贵阳北,1114,1181,478,0
479,G2304,贵阳北,韶山南,510,709,479,0
480,G2304/1,韶山南,南昌西,711,838,480,0
481,G2304/2,南昌西,衢州,845,945,481,0
482,G2304/3,衢州,缙云西,950,1018,482,0
483,G2304/4,缙云西,温州南,1020,1076,483,0
484,G164,苍南,义乌,614,771,484,0
485,G164/1,义乌,溧阳,773,874,485,0
486,G164/2,溧阳,徐州东,876,992,486,0
487,G164/3,徐州东,德州东,994,1110,487,0
488,G164/4,德州东,北京南,1112,1194,488,0
489,G163,北京南,曲阜东,645,814,489,0
490,G163/1,曲阜东,南京南,816,947,490,0
491,G163/2,南京南,杭州东,949,1033,491,0
492,G163/3,杭州东,武义北,1035,1107,492,0
493,G163/4,武义北,苍南,1109,1230,493,0
494,G16,上海虹桥,济南西,660,861,494,0
495,G16/1,济南西,北京南,863,955,495,0
496,G23,北京南,徐州东,1020,1198,496,0
497,G23/1,徐州东,上海虹桥,1200,1359,497,0
498,G36,杭州东,滕州东,545,740,498,0
499,G36/1,滕州东,北京南,745,893,499,0
500,G45,北京南,徐州东,925,1109,500,0
501,G45/1,徐州东,杭州东,1117,1283,501,0
502,G45/2,杭州东,江山,1295,1390,502,0
503,G7372,江山,松江南,387,548,503,0
504,G7372/1,松江南,常州,551,639,504,0
505,G7372/2,常州,合肥南,641,750,505,0
506,G7374,金寨,阳澄湖,850,1055,506,0
507,G7374/1,阳澄湖,诸暨,1057,1186,507,0
508,G7374/2,诸暨,江山,1188,1269,508,0
509,G46,江山,宜兴,483,637,509,0
510,G46/1,宜兴,济南西,639,827,510,0
511,G46/2,济南西,北京南,829,943,511,0
512,G37,北京南,宿州东,965,1167,512,0
513,G37/1,宿州东,杭州东,1172,1327,513,0
514,G1509,上海虹桥,上饶,511,701,514,0
515,G1509/1,上饶,黄山北,741,795,515,0
516,G1507,黄山北,义乌,830,985,516,0
517,G1507/1,义乌,上海虹桥,987,1076,517,0
518,G212,上海虹桥,曲阜东,523,745,518,0
519,G212/1,曲阜东,天津西,755,866,519,0
520,G215,天津西,宿州东,886,1068,520,0
521,G215/1,宿州东,上海虹桥,1070,1223,521,0
522,G7386,衢州,上海虹桥,491,651,522,0
523,G7386/1,上海虹桥,全椒,654,788,523,0
524,G7386/2,全椒,合肥南,795,836,524,0
525,G7388,合肥南,上海虹桥,866,1048,525,0
526,G7388/1,上海虹桥,诸暨,1052,1151,526,0
527,G7388/2,诸暨,衢州,1161,1225,527,0
528,G1956,上海虹桥,徐州东,719,921,528,0
529,G1956/1,徐州东,兰考南,932,1016,529,0
530,G1956/2,兰考南,邯郸东,1018,1129,530,0
531,G1956/3,邯郸东,阳泉北,1131,1239,531,0
532,G1956/4,阳泉北,太原南,1249,1295,532,0
533,G1958,太原南,安阳东,526,698,533,0
534,G1958/1,安阳东,商丘,701,833,534,0
535,G1958/2,商丘,宿州东,835,909,535,0
536,G1958/3,宿州东,常州北,914,1014,536,0
537,G1958/4,常州北,上海虹桥,1016,1064,537,0
538,G1481,南京南,杭州东,688,787,538,0
539,G1481/1,杭州东,新余北,792,1005,539,0
540,G1481/2,新余北,怀化南,1007,1177,540,0
541,G1481/3,怀化南,贵阳北,1181,1288,541,0
542,G1484,贵阳北,长沙南,484,687,542,0
543,G1484/1,长沙南,高安,692,775,543,0
544,G1484/2,高安,杭州东,785,975,544,0
545,G1484/3,杭州东,南京南,983,1073,545,0
546,G7684,合肥南,绍兴北,550,727,546,0
547,G7684/1,绍兴北,温岭,729,853,547,0
548,G7684/2,温岭,温州南,855,903,548,0
549,G7682,温州南,湖州,922,1121,549,0
550,G7682/1,湖州,合肥南,1124,1247,550,0
551,G268,合肥南,济南西,785,985,551,0
552,G268/1,济南西,北京南,987,1098,552,0
553,G271,北京南,徐州东,1120,1318,553,0
554,G271/1,徐州东,合肥南,1320,1409,554,0
555,G1519,上海虹桥,上饶,1087,1265,555,0
556,G1519/1,上饶,黄山北,1285,1335,556,0
557,G1601,合肥南,上饶,565,734,557,0
558,G1601/1,上饶,福州,736,848,558,0
559,G1601/2,福州,漳州,853,974,559,0
560,G1601/3,漳州,汕尾,976,1100,560,0
561,G1601/4,汕尾,深圳北,1102,1173,561,0
562,G1602,深圳北,漳州,531,732,562,0
563,G1602/1,漳州,福州,734,869,563,0
564,G1602/2,福州,黄山北,873,1014,564,0
565,G1602/3,黄山北,无为,1018,1088,565,0
566,G1602/4,无为,合肥南,1090,1127,566,0
567,G1621,合肥南,上饶,480,647,567,0
568,G1621/1,上饶,福州,649,755,568,0
569,G1624,福州,旌德,780,971,569,0
570,G1624/1,旌德,合肥南,973,1052,570,0
571,G7545,上海虹桥,宁波,947,1070,571,0
572,G7545/1,宁波,温州南,1087,1199,572,0
573,G1349,上海虹桥,南昌西,648,875,573,0
574,G1349/1,南昌西,长沙南,878,975,574,0
575,G1364,长沙南,衢州,1002,1205,575,0
576,G1364/1,衢州,上海虹桥,1207,1340,576,0
577,G1364/2,长沙南,鹰潭北,996,1140,577,0
578,G1364/3,鹰潭北,金华,1142,1228,578,0
579,G1364/4,金华,杭州东,1230,1281,579,0
580,G1364/5,杭州东,上海虹桥,1285,1340,580,0
581,G1329,上海虹桥,鹰潭北,821,1009,581,0
582,G1329/1,鹰潭北,长沙南,1011,1155,582,0
583,G1329/2,长沙南,贵阳北,1159,1357,583,0
584,G1326,贵阳北,长沙南,704,917,584,0
585,G1326/1,长沙南,上饶,921,1080,585,0
586,G1326/2,上饶,杭州东,1082,1193,586,0
587,G1326/3,杭州东,上海虹桥,1196,1256,587,0
588,G1341,上海虹桥,鹰潭北,452,651,588,0
589,G1341/1,鹰潭北,长沙南,653,794,589,0
590,G1356,长沙南,龙游,815,1025,590,0
591,G1356/1,龙游,上海虹桥,1027,1158,591,0
592,G2342,宁波,杭州东,548,620,592,0
593,G2342/1,杭州东,新余北,635,856,593,0
594,G2342/2,新余北,长沙南,862,937,594,0
595,G2342/3,长沙南,桂林,946,1157,595,0
596,G2342/4,桂林,南宁东,1162,1294,596,0
597,G2344,南宁东,全州南,506,716,597,0
598,G2344/1,全州南,长沙南,719,878,598,0
599,G2344/2,长沙南,南昌西,889,990,599,0
600,G2344/3,南昌西,衢州,995,1097,600,0
601,G2344/4,衢州,杭州东,1100,1176,601,0
602,G2344/5,杭州东,宁波,1191,1257,602,0
603,G2364,贵阳北,长沙南,450,667,603,0
604,G2364/1,长沙南,金华,671,895,604,0
605,G2364/2,金华,温州南,897,992,605,0
606,G2364/3,温州南,宁波,1021,1137,606,0
607,G579,南京南,赤壁北,482,713,607,0
608,G579/1,赤壁北,长沙南,715,773,608,0
609,G578,长沙南,合肥南,891,1085,609,0
610,G578/1,合肥南,上海虹桥,1096,1246,610,0
611,G576,上海虹桥,六安,504,703,611,0
612,G576/1,六安,岳阳东,705,866,612,0
613,G576/2,岳阳东,长沙南,871,916,613,0
614,G580,长沙南,合肥南,1029,1258,614,0
615,G580/1,合肥南,南京南,1264,1318,615,0
616,G7537,上海虹桥,台州,689,883,616,0
617,G7537/1,台州,苍南,885,974,617,0
618,G54,杭州东,徐州东,558,735,618,0
619,G54/1,徐州东,天津西,742,891,619,0
620,G53,天津西,南京南,942,1171,620,0
621,G53/1,南京南,杭州东,1173,1264,621,0
622,G122,上海虹桥,曲阜东,641,855,622,0
623,G122/1,曲阜东,北京南,857,1003,623,0
624,G267,北京南,滕州东,1051,1203,624,0
625,G267/1,滕州东,合肥南,1212,1350,625,0
626,G266,六安,合肥,490,529,626,0
627,G266/1,合肥,宿州东,547,617,627,0
628,G266/2,宿州东,北京南,626,838,628,0
629,G145,北京南,济南西,875,974,629,0
630,G145/1,济南西,南京南,992,1140,630,0
631,G145/2,南京南,上海虹桥,1145,1233,631,0
632,G9246,上海,昆山南,921,941,632,0
633,G9246/1,昆山南,安庆,948,1163,633,0
634,G9250,上海虹桥,南京南,1081,1210,634,0
635,G9250/1,南京南,安庆,1219,1341,635,0
636,G9252,安庆,南京南,385,505,636,0
637,G9252/1,南京南,上海虹桥,508,629,637,0
638,G2362,宁波,温州南,561,672,638,0
639,G2362/1,温州南,弋阳,692,858,639,0
640,G2362/2,弋阳,长沙南,860,1022,640,0
641,G2362/3,长沙南,贵阳北,1027,1239,641,0
642,G7276,上海,合肥,852,1040,642,0
643,G7276/1,合肥,淮南东,1046,1079,643,0
644,G7275,淮南东,水家湖,1128,1137,644,0
645,G7275/1,水家湖,南京南,1147,1232,645,0
646,G7275/2,南京南,上海,1239,1318,646,0
647,G7210,上海,苏州,1333,1367,647,0
648,G7209,苏州,上海,447,486,648,0
649,G7206,上海,苏州,506,547,649,0
650,G7205,苏州,上海,564,603,650,0
651,G7202,上海,无锡,559,610,651,0
652,G7201,无锡,上海,630,687,652,0
653,G7204,上海,昆山南,1132,1152,653,0
654,G7204/1,昆山南,无锡,1159,1188,654,0
655,G7203,无锡,上海,1214,1269,655,0
656,G7208,上海,苏州,1042,1075,656,0
657,G7207,苏州,上海,1100,1145,657,0
658,G7272,上海,芜湖,1122,1284,658,0
659,G7150,芜湖,上海虹桥,499,666,659,0
660,G7128,上海虹桥,常州,1270,1336,660,0
661,G7033,常州,上海,420,502,661,0
662,G7148,上海虹桥,芜湖,815,982,662,0
663,G7288,芜湖,丹阳,1017,1103,663,0
664,G7288/1,丹阳,上海,1109,1207,664,0
665,G7286,上海,芜湖,1235,1388,665,0
666,G7274,芜湖,上海,402,573,666,0
667,G7152,上海虹桥,惠山,952,1005,667,0
668,G7152/1,惠山,芜湖,1013,1130,668,0
669,G7220,芜湖,上海,1152,1319,669,0
670,G7212,上海,常州,1345,1400,670,0
671,G7211,常州,上海,395,464,671,0
672,G7268,上海,合肥,485,682,672,0
673,G7268/1,合肥,淮南东,688,721,673,0
674,G7267,淮南东,上海,935,1159,674,0
675,G7356,衢州,常州,736,939,675,0
676,G7583,常州,苏州园区,801,841,676,0
677,G7583/1,苏州园区,宁波,851,996,677,0
678,G7232,上海,无锡新区,495,541,678,0
679,G7232/1,无锡新区,六安,547,725,679,0
680,G7234,六安,合肥南,749,773,680,0
681,G7234/1,合肥南,上海,782,970,681,0
682,G7410,合肥,淮北,1230,1378,682,0
683,G7412,淮北,合肥,414,555,683,0
684,G7412/1,合肥,六安,577,616,684,0
685,G7630,温州南,南京南,1148,1372,685,0
686,G7240,上海,昆山南,654,673,686,0
687,G7240/1,昆山南,六安,679,876,687,0
688,G7242,六安,合肥南,918,946,688,0
689,G7242/1,合肥南,南京南,955,1009,689,0
690,G7242/2,南京南,上海,1023,1150,690,0
691,G7134,安庆,上海虹桥,630,869,691,0
692,G7090,安庆,上海,1034,1274,692,0
693,G7138,安庆,上海虹桥,743,982,693,0
694,G7214,上海,昆山南,1280,1299,694,0
695,G7214/1,昆山南,苏州,1307,1319,695,0
696,G7213,苏州,上海,403,442,696,0
697,G7218,上海,芜湖,929,1078,697,0
698,D5644,芜湖,南京南,1095,1132,698,0
699,G7132,上海虹桥,安庆,581,813,699,0
700,D5497,合肥,六安,455,497,700,0
701,G7162,六安,合肥南,535,559,701,0
702,G7162/1,合肥南,全椒,572,607,702,0
703,G7162/2,全椒,昆山南,614,738,703,0
704,G7162/3,昆山南,上海虹桥,746,764,704,0
705,G7175,徐州东,南京南,458,545,705,0
706,G7175/1,南京南,上海虹桥,553,648,706,0
707,G7176,上海虹桥,苏州北,1123,1153,707,0
708,G7176/1,苏州北,常州北,1160,1189,708,0
709,G7176/2,常州北,丹阳北,1197,1209,709,0
710,G7176/3,丹阳北,徐州东,1216,1340,710,0
711,G7282,上海,芜湖,694,854,711,0
712,G7284,芜湖,南京南,935,979,712,0
713,G7284/1,南京南,上海,988,1107,713,0
714,G7434,合肥南,淮南东,419,467,714,0
715,G7296,上海,蚌埠南,760,897,715,0
716,G7296/1,蚌埠南,徐州东,906,944,716,0
717,G7296/2,徐州东,淮北,953,999,717,0
718,G7454,淮北,合肥南,1020,1160,718,0
719,G7452,合肥南,徐州东,1186,1298,719,0
720,G7298,淮北,南京南,953,1082,720,0
721,G7298/1,南京南,上海,1093,1165,721,0
722,G7300,上海,徐州东,1191,1375,722,0
723,G7608,宁波,杭州东,778,832,723,0
724,G7608/1,杭州东,南京南,849,947,724,0
725,G7369,杭州东,丽水,659,788,725,0
726,G7518,宁波,上海虹桥,928,1045,726,0
727,G7322,苍南,上海虹桥,728,942,727,0
728,G7346,苍南,武义北,522,631,728,0
729,G7346/1,武义北,杭州东,642,715,729,0
730,G7345,杭州东,鳌江,780,923,730,0
731,G7345/1,鳌江,苍南,930,942,731,0
732,G7686,杭州东,合肥,410,573,732,0
733,G7686/1,合肥,淮南东,582,615,733,0
734,G7643,南京南,溧阳,424,458,734,0
735,G7643/1,溧阳,杭州东,465,533,735,0
736,G7643/2,杭州东,诸暨,548,572,736,0
737,G7643/3,诸暨,丽水,583,653,737,0
738,G7348,丽水,义乌,679,739,738,0
739,G7348/1,义乌,诸暨,745,759,739,0
740,G7348/2,诸暨,上海虹桥,766,844,740,0
741,G7347,上海虹桥,金华南,865,980,741,0
742,G7644,金华南,南京南,1013,1161,742,0
743,G7299,徐州东,上海,547,747,743,0
744,G7178,上海虹桥,徐州东,1181,1366,744,0
745,G7605,徐州东,德清,498,670,745,0
746,G7605/1,德清,杭州东,670,921,746,0
747,G7609,南京南,宁波,833,980,747,0
748,G7649,南京南,衢州,940,1113,748,0
749,G7650,衢州,义乌,1128,1167,749,0
750,G7650/1,义乌,诸暨,1174,1188,750,0
751,G7650/2,诸暨,南京南,1194,1310,751,0
752,G7334,温州南,义乌,684,786,752,0
753,G7334/1,义乌,海宁西,798,847,753,0
754,G7334/2,海宁西,上海虹桥,854,908,754,0
755,G7629,南京南,温州南,1114,1335,755,0
756,G7628,温州南,南京南,1165,1377,756,0
757,G7678,宁波,杭州东,720,772,757,0
758,G7678/1,杭州东,合肥南,778,926,758,0
759,G7676,合肥南,宁波,803,1029,759,0
760,D5646,马鞍山东,南京南,430,448,760,0
761,G7622,温州南,杭州东,894,1027,761,0
762,G7623,杭州东,诸暨,1056,1082,762,0
763,G7623/1,诸暨,温州南,1088,1210,763,0
764,G7623/2,温州南,苍南,1225,1264,764,0
765,G7624,苍南,温州南,593,629,765,0
766,G7624/1,温州南,杭州东,635,769,766,0
767,G7621,杭州东,诸暨,826,850,767,0
768,G7621/1,诸暨,温州南,867,1000,768,0
769,G7505,南京南,宁波,433,659,769,0
770,G7510,宁波,上海虹桥,684,805,770,0
771,G7515,上海虹桥,宁波,840,955,771,0
772,G7366,江山,上海虹桥,1126,1270,772,0
773,G7353,常州,杭州,771,914,773,0
774,G7536,温州南,杭州东,1162,1343,774,0
775,G7536/1,杭州东,上海虹桥,1350,1398,775,0
776,G7659,杭州东,温州南,395,595,776,0
777,G7685,淮南东,合肥,900,933,777,0
778,G7685/1,合肥,杭州东,939,1094,778,0
779,G7685/2,杭州东,诸暨,1104,1129,779,0
780,G7316,诸暨,杭州东,1163,1187,780,0
781,G7417,合肥南,黄山北,785,893,781,0
782,G7418,黄山北,合肥南,967,1061,782,0
783,G7198,六安,合肥南,794,822,783,0
784,G7198/1,合肥南,南京南,831,895,784,0
785,G7198/2,南京南,无锡东,904,955,785,0
786,G7198/3,无锡东,昆山南,972,1009,786,0
787,G7198/4,昆山南,上海虹桥,1015,1032,787,0
788,G7307,溧阳,杭州,426,494,788,0
789,G7307/1,杭州,上海虹桥,514,583,789,0
790,G7317,上海虹桥,宜兴,694,837,790,0
791,G7319,宜兴,长兴,863,875,791,0
792,G7319/1,长兴,上海虹桥,881,1019,792,0
793,G7530,宁波,余姚北,449,468,793,0
794,G7530/1,余姚北,上海虹桥,474,578,794,0
795,G9515,杭州东,宁波,1043,1102,795,0
796,G9516,宁波,杭州东,1164,1231,796,0
797,G7327,杭州东,诸暨,381,406,797,0
798,G7328,诸暨,杭州东,423,448,798,0
799,G208,徐州东,北京南,435,633,799,0
800,G7323,上海虹桥,温州南,1073,1298,800,0
801,G7324,温州南,上海虹桥,518,720,801,0
802,G207,北京南,徐州东,1170,1365,802,0
803,G7326,温州南,上海虹桥,783,985,803,0
804,G7336,苍南,上海虹桥,838,1072,804,0
805,G7158,六安,合肥南,975,1003,805,0
806,G7158/1,合肥南,镇江,1012,1094,806,0
807,G7158/2,镇江,上海虹桥,1101,1206,807,0
808,G7543,上海虹桥,温州南,427,665,808,0
809,G7568,温州南,杭州东,480,637,809,0
810,G7379,杭州东,丽水,667,779,810,0
811,G7380,丽水,缙云西,799,811,811,0
812,G7380/1,缙云西,杭州东,820,916,812,0
813,G7567,杭州东,温州南,937,1093,813,0
814,G7528,温州南,上海虹桥,1118,1351,814,0
815,G7331,上海虹桥,温州南,380,577,815,0
816,G2328,南昌西,江山,815,915,816,0
817,G2328/1,江山,温州南,926,1054,817,0
818,G7338,温州南,上海虹桥,1078,1288,818,0
819,G7333,上海虹桥,温州南,389,596,819,0
820,G7340,温州南,杭州东,1114,1258,820,0
821,G7340/1,杭州东,上海虹桥,1265,1324,821,0
822,G7341,杭州东,温州南,360,503,822,0
823,G7341/1,温州南,苍南,513,549,823,0
824,G7342,苍南,杭州东,1248,1393,824,0
825,G7364,江山,杭州东,459,562,825,0
826,G7364/1,杭州东,上海虹桥,569,636,826,0
827,G7512,宁波,上海虹桥,748,872,827,0
828,G7522,宁波,余姚北,1035,1054,828,0
829,G7522/1,余姚北,上海虹桥,1060,1166,829,0
830,G7381,上海虹桥,杭州东,1155,1206,830,0
831,G7381/1,杭州东,衢州,1221,1310,831,0
832,G7382,衢州,杭州东,384,522,832,0
833,G7382/1,杭州东,上海虹桥,533,594,833,0
834,G7383,上海虹桥,衢州,1244,1394,834,0
835,G7384,衢州,杭州东,1275,1355,835,0
836,G7401,合肥南,黄山北,511,612,836,0
837,G7406,黄山北,蚌埠南,632,801,837,0
838,G7405,蚌埠南,合肥南,880,936,838,0
839,G7405/1,合肥南,黄山北,943,1058,839,0
840,G7408,黄山北,蚌埠南,1085,1247,840,0
841,G7433,蚌埠南,合肥南,1269,1318,841,0
842,G7413,合肥南,黄山北,470,571,842,0
843,G7414,黄山北,合肥南,593,708,843,0
844,G7402,黄山北,蚌埠南,445,614,844,0
845,G7403,蚌埠南,黄山北,640,813,845,0
846,G7416,黄山北,合肥南,835,957,846,0
847,G7419,合肥南,铜陵北,988,1038,847,0
848,G7419/1,铜陵北,南陵,1045,1057,848,0
849,G7419/2,南陵,黄山北,1063,1112,849,0
850,G7420,黄山北,合肥南,1146,1254,850,0
851,G7421,合肥南,黄山北,1095,1203,851,0
852,G7423,合肥南,黄山北,1145,1246,852,0
853,G7422,黄山北,合肥南,1265,1359,853,0
854,G7428,安庆,铜陵北,1219,1278,854,0
855,G7461,上海虹桥,金山北,664,682,855,0
856,G7461/1,金山北,温州南,692,884,856,0
857,G7464,温州南,金华南,904,986,857,0
858,G7464/1,金华南,杭州东,992,1047,858,0
859,G7463,杭州东,诸暨,1069,1093,859,0
860,G7463/1,诸暨,温州南,1109,1217,860,0
861,G7466,温州南,杭州东,1233,1365,861,0
862,G7467,杭州东,诸暨,578,601,862,0
863,G7467/1,诸暨,温州南,617,730,863,0
864,G7467/2,温州南,苍南,736,766,864,0
865,G7468,苍南,鳌江,787,797,865,0
866,G7468/1,鳌江,诸暨,805,948,866,0
867,G7468/2,诸暨,杭州东,958,983,867,0
868,G7465,杭州东,温州南,1029,1172,868,0
869,G7462,温州南,杭州东,1189,1332,869,0
870,G7462/1,杭州东,上海虹桥,1340,1385,870,0
871,G7503,上海虹桥,宁波,484,592,871,0
872,G7503/1,宁波,台州,600,666,872,0
873,G7542,台州,宁波,712,779,873,0
874,G7542/1,宁波,上海虹桥,785,916,874,0
875,G7330,温州南,上海虹桥,400,607,875,0
876,G7541,上海虹桥,宁波,374,470,876,0
877,G7541/1,宁波,台州,476,550,877,0
878,G7508,台州,上海虹桥,565,747,878,0
879,G7527,上海虹桥,宁波,1221,1351,879,0
880,G7502,宁波,上海虹桥,433,569,880,0
881,G9311,上海虹桥,杭州东,1125,1179,881,0
882,G9311/1,杭州东,衢州,1185,1266,882,0
883,G7535,上海虹桥,杭州东,1141,1195,883,0
884,G7535/1,杭州东,宁波,1205,1258,884,0
885,G7535/2,宁波,温州南,1264,1370,885,0
886,G7504,温州南,上海虹桥,389,620,886,0
887,G7509,上海虹桥,宁波,658,773,887,0
888,G7514,宁波,杭州东,791,851,888,0
889,G7514/1,杭州东,上海虹桥,859,920,889,0
890,G7519,上海虹桥,宁波,952,1075,890,0
891,G7524,宁波,上海虹桥,1094,1217,891,0
892,G7533,杭州东,宁波,468,529,892,0
893,G7534,宁波,余姚北,1282,1301,893,0
894,G7534/1,余姚北,杭州东,1307,1347,894,0
895,G7549,上海虹桥,宁波,490,618,895,0
896,G7550,宁波,上海虹桥,1035,1171,896,0
897,G7550/1,宁波,余姚北,1035,1054,897,0
898,G7550/2,余姚北,杭州东,1060,1101,898,0
899,G7550/3,杭州东,嘉兴南,1113,1136,899,0
900,G7550/4,嘉兴南,上海虹桥,1142,1171,900,0
901,G7557,上海虹桥,宁波,1168,1292,901,0
902,G7532,宁波,上海虹桥,510,641,902,0
903,G7538,苍南,杭州东,1004,1223,903,0
904,G7601,南京南,湖州,367,428,904,0
905,G7639,湖州,杭州东,438,467,905,0
906,D5502,南京,南通,420,573,906,0
907,D5514,南通,南京,600,764,907,0
908,D5522,南京,南通,800,952,908,0
909,D5534,南通,南京,972,1121,909,0
910,D5542,南京,南通,1196,1347,910,0
911,D5512,南京,南通,555,698,911,0
912,D5524,南通,南京,714,862,912,0
913,D5532,南京,南通,949,1110,913,0
914,D5544,南通,南京,1168,1320,914,0
915,D5562,南京,扬州,331,380,915,0
916,D5564,扬州,南京,405,457,916,0
917,D5506,南京,南通,480,635,917,0
918,D5518,南通,南京,655,807,918,0
919,D5526,南京,南通,842,1005,919,0
920,D5538,南通,南京,1055,1210,920,0
921,D5546,南京,南通,1230,1373,921,0
922,D5508,南通,南京,480,643,922,0
923,D5516,南京,南通,773,912,923,0
924,D5528,南通,南京,936,1073,924,0
925,D5536,南京,南通,1093,1241,925,0
926,D5548,南通,南京,1261,1408,926,0
927,D5550,南京,南通,1170,1289,927,0
928,D5552,南通,南京,450,569,928,0
929,D5651,合肥南,安庆,411,517,929,0
930,D5654,安庆,合肥南,540,651,930,0
931,D5657,合肥南,安庆,681,786,931,0
932,D5658,安庆,合肥南,814,925,932,0
933,D5662,合肥南,安庆,1179,1305,933,0
934,D5665,安庆,合肥南,1305,1347,934,0
935,D5642,芜湖,南京南,492,529,935,0
936,D5601,南京南,安庆,545,665,936,0
937,D5604,安庆,南京南,692,812,937,0
938,D5605,南京南,安庆,830,950,938,0
939,D5608,安庆,南京南,968,1088,939,0
940,D5609,南京南,安庆,1106,1220,940,0
941,D5666,安庆,合肥南,1248,1347,941,0
942,D5653,合肥南,安庆,446,545,942,0
943,D5602,安庆,南京南,573,693,943,0
944,D5603,南京南,安庆,710,836,944,0
945,D5606,安庆,南京南,854,986,945,0
946,D5607,南京南,安庆,1004,1130,946,0
947,D5610,安庆,南京南,1149,1263,947,0
948,D5652,安庆,合肥南,409,520,948,0
949,D5655,合肥南,安庆,539,644,949,0
950,D5656,安庆,合肥南,677,782,950,0
951,D5659,合肥南,安庆,807,912,951,0
952,D5660,安庆,合肥南,937,1042,952,0
953,D5663,合肥南,安庆,1063,1174,953,0
954,D5664,安庆,合肥南,1192,1297,954,0
955,D2103,合肥南,巢湖东,448,470,955,0
956,D2103/1,巢湖东,婺源,476,589,956,0
957,D2103/2,婺源,衢州,595,658,957,0
958,D5691,衢州,开化,680,715,958,0
959,D5692,开化,衢州,886,922,959,0
960,D2101,衢州,合肥南,942,1146,960,0
961,G9248,安庆,上海,1182,1399,961,0
962,G9313,杭州东,衢州,1085,1160,962,0
963,G9314,衢州,龙游,1182,1193,963,0
964,G9314/1,龙游,杭州东,1199,1269,964,0
965,G9503,合肥南,安庆,747,851,965,0
966,D9509,南京南,芜湖,496,542,966,0
967,D9510,芜湖,南京南,562,599,967,0
968,D9512,芜湖,南京南,689,732,968,0
969,D9520,芜湖,南京南,1200,1238,969,0
970,D9526,南京,南通,1037,1186,970,0
971,D9528,南通,南京,1209,1357,971,0
972,D5504,南通,南京,384,527,972,0
